,RF,XGB,LGB,ET,Mean
ENSG00000171227,0.00868167312756707,0.01676484,52,0.0040471791330123855,13.007373423092929
ENSG00000135472,0.01790091039719878,0.018588038,49,0.005853215941252098,12.260585541124962
ENSG00000128590,0.003937480460409273,0.023983661,40,0.0023969329260415933,10.007579518617954
ENSG00000172020,0.0,0.019959724,39,0.0005055922724961871,9.75511632896235
ENSG00000165949,0.0031873668259847937,0.005815291,38,0.001565615392064299,9.502642068265995
ENSG00000172016,0.0005091300729426738,0.0014265564,37,0.0012767428029543861,9.250803107314091
ENSG00000132793,0.0016887344506495568,0.00056613184,36,0.001488373641271455,9.000935809983678
ENSG00000136872,0.009173491214287077,0.018215366,34,0.004273715786166039,8.507915643177082
ENSG00000170509,0.013426201123879355,0.0047011576,34,0.0060975724629044855,8.506056232788236
ENSG00000187498,0.0007256165045516899,0.0032560527,33,0.0029101340797756405,8.2517229508292
ENSG00000012817,0.0013293666096202196,0.0021931885,33,0.0017470921723590762,8.251317411827394
ENSG00000163581,0.012413953800660182,0.0021382,28,0.007718298709112972,7.005567613123234
ENSG00000162695,0.0026588520600487804,0.0017344318,28,0.000777035903329303,7.0012925799491015
ENSG00000067048,0.0007841374355970833,0.012163124,22,0.0015736618490812698,5.503630230832975
ENSG00000010282,0.008650108042299128,0.0,20,0.0014663170916029559,5.002529106283475
ENSG00000108849,0.000570852898205005,0.0,20,0.0004598796814099306,5.000257683144904
ENSG00000081181,0.012828711468269591,0.027511852,18,0.005891868071903225,4.511558107850561
ENSG00000122687,0.0007636951094140107,0.0,18,0.000619511411981912,4.500345801630349
ENSG00000139641,0.0012287970653777445,0.012445974,17,0.004875982939400514,4.254637688542122
ENSG00000138650,0.0023794237659508994,0.00089499453,17,0.0013792759779838923,4.251163423569273
ENSG00000219073,0.0014819717968629085,0.0,17,0.00023792577529232342,4.250429974393039
ENSG00000142156,0.006886087476753453,0.0135843055,16,0.000665983523149898,4.005284094133045
ENSG00000096006,0.0,0.0,16,0.000992507976463165,4.000248126994116
ENSG00000134285,0.006657144272686646,0.0018464918,15,0.0019243011718207282,3.7526069843173357
ENSG00000137077,0.0018137326929859858,0.00075374905,15,0.0006457770749839892,3.7508033147033784
ENSG00000074800,0.002557968336938568,0.043098584,12,0.0026023143587410214,3.0120647166282906
ENSG00000198692,0.0020038754545469144,0.0,12,0.0018350712422804383,3.000959736674207
ENSG00000124802,0.0017026528492492322,0.01651214,11,0.0007367998821310816,2.7547378983407644
ENSG00000234745,0.00146214230461824,0.0003204402,11,0.0013333737921661893,2.750778989071034
ENSG00000130332,0.0013981674803244589,0.0009533297,11,0.0002907981698017285,2.750660573844295
ENSG00000014919,0.0009185875330775072,0.0,11,0.0005626052420687483,2.7503702981937863
ENSG00000072501,0.0,0.0,11,0.0009046025105201204,2.75022615062763
ENSG00000050165,0.009061166364255014,0.016926572,10,0.0037069673323875006,2.5074236763558604
ENSG00000129824,0.0019263063231249472,0.019748528,10,0.0008525673614641586,2.5056318503103117
ENSG00000124205,0.0037469544616982376,0.0,10,0.0015470306246312163,2.5013234962715822
ENSG00000102837,0.003155823378775316,8.571729e-05,10,0.0014047824880092513,2.5011615807898653
ENSG00000150625,0.0033922873121322934,0.0,10,0.0005629830703304342,2.500988817595616
ENSG00000185559,0.0004290517021468125,0.0006653402,10,0.0,2.500273597981374
ENSG00000147003,0.007247906296867573,0.001407235,9,0.004434856510821946,2.2532724994634017
ENSG00000135447,0.0037649404469045755,0.0052747945,9,0.002109858801605877,2.2527873984446587
ENSG00000196562,0.005207791907163268,0.0014893382,9,0.0010007223289854443,2.251924463117088
ENSG00000138670,0.001089140038988114,0.00070824247,9,0.003151681459606868,2.2512372659923647
ENSG00000087053,0.00043591654247391947,0.0,9,0.0012437002811136546,2.2504199042058968
ENSG00000166136,0.0,0.0,9,0.0004028372915002299,2.250100709322875
ENSG00000108389,0.0025645784319160408,0.002418059,8,0.0007773518607931585,2.001439997304271
ENSG00000090104,0.0005433607405934634,0.0,8,0.0006719200135570243,2.0003038201885377
ENSG00000136531,0.001394340738236559,0.014635591,7,0.0011053786892621406,1.754283827565976
ENSG00000122585,0.0014053267213514449,0.009360631,7,0.002447895010479118,1.753303463182089
ENSG00000138079,0.0002558775287042099,0.011123358,7,0.0012119626753328888,1.7531477996190132
ENSG00000148053,0.0023423967813189723,0.0009982539,7,0.002152196704074824,1.7513732118548697
ENSG00000247381,0.00017269736842105262,0.0025196315,7,0.0016110041239528312,1.751075833254469
ENSG00000160862,0.00018243480294702377,0.0017502815,7,0.0009415391844217469,1.7507185638834084
ENSG00000197771,0.00018734041194995332,0.00078820984,7,0.0018111945036830654,1.7506966861897706
ENSG00000070159,0.0012200847289943384,0.0,7,0.0005934637354864582,1.7504533871161203
ENSG00000132326,0.0005037312479780753,0.00045847986,7,0.0007747993583841522,1.7504342526163241
ENSG00000172954,0.000652447538800616,0.0,7,0.0007092514861007488,1.7503404247562253
ENSG00000099622,0.0,0.0,7,0.0010367104199791686,1.7502591776049947
ENSG00000130300,0.0015596288054851274,0.0063963025,6,0.002015724994505134,1.502492914071923
ENSG00000171681,0.0021299973468212165,0.0013738796,6,0.0034147043525833425,1.5017296453277242
ENSG00000157017,0.0012884308263771676,0.0014541649,6,0.0010875963131936697,1.500957547998921
ENSG00000146731,0.0026102399475321325,0.0,6,0.0010478047888685474,1.5009145111841
ENSG00000148180,0.0019294885896008233,0.0,6,0.001704302380251595,1.500908447742463
ENSG00000171724,0.0028625291497129516,0.0,6,0.0003516958384777398,1.5008035562470476
ENSG00000132669,0.0020332689739964607,0.0,6,0.00025905112934853665,1.5005730800258363
ENSG00000152684,0.0018754720820876303,0.0,6,0.0003630722850236126,1.5005596360917777
ENSG00000162545,0.0,0.00028345358,6,0.0009642519570547875,1.5003119263853677
ENSG00000231389,0.00017401835798062216,0.0,6,0.0007722674123029995,1.500236571442571
ENSG00000101605,0.003033766851379392,0.005986141,5,0.002785022399134281,1.2529512325728587
ENSG00000169359,0.004380441075415317,0.0010288572,5,0.0013502653362321582,1.2516898909013838
ENSG00000198729,0.0013349852147099958,0.002299086,5,0.0014259810685840171,1.2512650130603058
ENSG00000087245,0.0035826261341504297,0.0,5,0.0014553700905903552,1.2512594990561852
ENSG00000215021,0.00037615740740740746,0.0019284115,5,0.0009033535661649538,1.2508019806285369
ENSG00000160563,0.0017715040082584982,0.0,5,0.0011670055922724963,1.2507346274001327
ENSG00000180440,0.0006413858075357285,0.0,5,0.0014272038482167377,1.2505171474139383
ENSG00000211892,0.00025174825174825174,0.0,5,0.0013201576004067109,1.2503929764630386
ENSG00000167272,0.0006892657758097466,0.0,5,0.0008208849458381205,1.250377537680412
ENSG00000211592,0.00035143231968459113,0.0,5,0.0007500090783644419,1.2502753603495123
ENSG00000008513,0.0002368421052631579,0.0,5,0.000820362060962401,1.2502643010415564
ENSG00000196739,0.0007634842025889604,0.010310647,4,0.0012056062153104528,1.0030699343739395
ENSG00000124762,0.005154371297157916,0.001649501,4,0.0032871638889981113,1.0025227590552863
ENSG00000105467,0.005316179928459516,0.0,4,0.0033372663363677667,1.0021633615662067
ENSG00000135744,0.002425741379098269,0.0018570735,4,0.0023666539241656574,1.001662367203798
ENSG00000174567,0.0039989719316399705,0.0,4,0.00214690576327587,1.001536469423729
ENSG00000109062,0.0016833355995471285,0.000443228,4,0.00031723436705643115,1.0006109494907969
ENSG00000156687,0.0011360801896516184,0.0,4,0.0012252156246587826,1.0005903239535776
ENSG00000213088,0.0005060586383313658,0.0,4,0.0016546671740025115,1.0005401814530834
ENSG00000189058,0.0011815559441703688,0.0,4,0.0009087442806304017,1.0005225750562003
ENSG00000187021,0.0009322866776311946,0.0,4,0.0011446093241848521,1.0005192240004541
ENSG00000152254,0.0004591836734693878,0.0,4,0.0015510459556688052,1.0005025574072846
ENSG00000176046,0.00014984631147540984,0.0,4,0.0018143007219156614,1.0004910367583477
ENSG00000198157,0.0,0.0012093089,4,0.0006536479360427444,1.0004657391987508
ENSG00000168792,0.0003256763151063008,0.0,4,0.0007380105066937806,1.00026592170545
ENSG00000165195,0.0024833128116879192,0.025811423,3,0.00422781350588745,0.7581306372334546
ENSG00000121351,0.0009375890352415185,0.01201879,3,0.0013845502264431928,0.753585232199734
ENSG00000145860,0.0005413802221047065,0.0071064103,3,0.001797881152973744,0.7523614179286382
ENSG00000174917,0.003745864213056713,0.0014254177,3,0.0013411781800197046,0.7516281150288198
ENSG00000204525,0.0028459617253598518,0.0020292515,3,0.0014576941956068229,0.7515832268652617
ENSG00000159248,0.0007097007423787619,0.0026891965,3,0.0008510811159247196,0.7510624945884107
ENSG00000080493,0.0017172238903116874,0.0011159463,3,0.0013786047685359149,0.7510529437477101
ENSG00000118495,0.0005426256262585742,0.0025521629,3,0.0010770766069550701,0.7510429662722693
ENSG00000128052,0.0031695495333444574,0.0,3,0.0009815047359777338,0.7510377635673305
ENSG00000044574,0.0014245741310452559,0.0,3,0.0018826860263693004,0.7508268150393537
ENSG00000158747,0.0019133177860109882,0.0006855647,3,0.00031039173387927845,0.7507273185569637
ENSG00000214253,0.000251207729468599,0.0011290226,3,0.0013552001842471056,0.7506838576200794
ENSG00000251504,0.001705241243949502,0.0,3,0.0006829986793142876,0.7505970599808159
ENSG00000112715,0.0006780477923689591,0.0,3,0.00140651394478001,0.7505211404342872
ENSG00000164266,0.0012194413821431365,0.0,3,0.0005093338328670697,0.7504321938037526
ENSG00000131467,0.0011825632368034846,0.0,3,0.0004599008642602947,0.7504106160252659
ENSG00000123612,0.0005897347164393169,0.0,3,0.0010450680124493158,0.7504087006822222
ENSG00000185070,0.0,0.00039162266,3,0.0011484403369888885,0.7503850157482534
ENSG00000106538,0.0006853631199872883,0.0,3,0.000637863823950803,0.7503308067359845
ENSG00000101856,0.0,0.0,3,0.0010743840866913772,0.7502685960216728
ENSG00000170099,0.0008832190248396632,0.01806074,2,0.0005053727411378655,0.5048623329623584
ENSG00000143954,0.001170971689085921,0.009951581,2,0.0005796687002203014,0.5029255554091142
ENSG00000123384,0.0018066765041921898,0.003240489,2,0.0010725294377429608,0.5015299237192993
ENSG00000166147,0.004218243972491099,0.0014152083,2,0.0004339548986854529,0.5015168518006214
ENSG00000133392,0.001125800224299691,0.0024069073,2,0.0007042178081196892,0.501059231325072
ENSG00000127022,0.0016213570751454826,0.0,2,0.0016574562449113755,0.5008197033300142
ENSG00000001626,0.0011458450323655798,0.00063712726,2,0.0014527225559381822,0.5008089237123617
ENSG00000204983,0.00201520868305459,0.0,2,0.0008469646614967395,0.5007155433361378
ENSG00000170906,0.002091363913985178,0.0,2,0.00075510534203976,0.5007116173140063
ENSG00000115548,0.0022426210182369343,0.0,2,0.0005569576585082433,0.5006998946691863
ENSG00000109084,0.000708543771043771,0.0,2,0.0015721146467321126,0.5005701646044439
ENSG00000127870,0.0,0.0,2,0.0022604316302478845,0.5005651079075619
ENSG00000166340,0.0009491092646096775,0.0,2,0.0011703892841719399,0.5005298746371954
ENSG00000082269,0.0012416678906003703,0.0,2,0.0008664576537717054,0.500527031386093
ENSG00000164062,0.0,0.0,2,0.0019382083369863016,0.5004845520842466
ENSG00000115520,0.0011118203081612783,0.0,2,0.0007734206159547827,0.500471310231029
ENSG00000135124,0.0011015126215276935,0.0,2,0.0005926114217929165,0.5004235310108301
ENSG00000010278,0.0005323386513738689,0.0,2,0.0009333771275814999,0.5003664289447388
ENSG00000165449,0.0001354872329338197,0.0,2,0.0011231905386241403,0.5003146694428895
ENSG00000196730,0.00020924243508119327,0.0,2,0.0010410171168055572,0.5003125648879717
ENSG00000107745,0.0,0.0,2,0.0011059104422577264,0.5002764776105645
ENSG00000118898,0.00015734265734265732,0.0,2,0.0006408150316321176,0.5001995394222437
ENSG00000131100,0.0004352921479993302,0.0,2,0.00035468564650059306,0.500197494448625
ENSG00000009307,0.0002844103357512149,0.0,2,0.00048576512455516017,0.5001925438650766
ENSG00000077942,0.0007091566838334082,0.0,2,0.0,0.5001772891709584
ENSG00000144824,0.0,0.0,2,0.0002769969197643468,0.5000692492299411
ENSG00000120820,0.0010251023651150796,0.0076771206,1,0.0006747105992186587,0.2523442333966453
ENSG00000120725,0.0013359156073189096,0.0055398396,1,0.0013765787517711428,0.25206308349518086
ENSG00000096696,0.004705748228025948,0.0,1,0.0026978958889638275,0.25185091102924745
ENSG00000176928,0.004321924528492468,0.00039237965,1,0.0021920309267141765,0.2517265837754655
ENSG00000138095,0.00326618078611959,0.0,1,0.002223249230220447,0.25137235750408504
ENSG00000110492,0.000819092899689161,0.0034713412,1,0.0007038637519064566,0.2512485744671331
ENSG00000129354,0.003766456414882835,0.0,1,0.0010669507126694095,0.2512083517818881
ENSG00000079689,0.0021453353091434087,0.0,1,0.002554435953092124,0.25117494281555885
ENSG00000141753,0.004046163217998245,0.0,1,0.0004956786985256735,0.251135460479131
ENSG00000206503,0.0014595206321354815,0.0,1,0.002978581698246936,0.2511095255825956
ENSG00000114388,0.0023369511364716915,0.0,1,0.0020777282360063994,0.25110366984311955
ENSG00000111640,0.0019112989685079451,0.0011099953,1,0.0013293479313433562,0.2510876605492519
ENSG00000146072,0.0018806182077147208,0.0,1,0.002382995579789777,0.2510659034468761
ENSG00000168734,0.0032165673608916547,0.0002500806,1,0.0007957610090299464,0.2510656022425756
ENSG00000236213,0.002663420744637671,0.0,1,0.0012530427440022513,0.25097911587216
ENSG00000144619,0.002648680733833665,0.0,1,0.0012370771019504538,0.25097143945894607
ENSG00000169905,0.00019133800321622299,0.0,1,0.0031742431932694744,0.2508413952991214
ENSG00000240038,0.002027326949528213,0.0,1,0.001313000178048208,0.25083508178189406
ENSG00000117691,0.002486529925875118,0.0,1,0.0007818955955076954,0.2508171063803457
ENSG00000162430,0.0015477029706371342,0.0,1,0.0015416409768268633,0.25077233598686605
ENSG00000164040,0.0015189626079070361,0.0,1,0.0014399674609580594,0.25073973251721626
ENSG00000267321,0.002424988781654746,0.0,1,0.000354056213232624,0.25069476124872186
ENSG00000136111,0.0007204374393112258,0.0,1,0.0020079652587876515,0.25068210067452473
ENSG00000170004,0.0002996684689495583,0.0,1,0.002364905942514388,0.250666143602866
ENSG00000089818,0.0016045275729041125,0.0,1,0.0010598816254637302,0.25066610229959196
ENSG00000115944,0.001281542911803887,0.0,1,0.0013771079962234011,0.2506646627270068
ENSG00000055044,0.0014995309372285593,0.0003170757,1,0.0007996518577352331,0.25065406462305084
ENSG00000170835,0.0013145227546180187,0.0,1,0.0012748539208630716,0.2506473441688703
ENSG00000128567,0.0021895932195390767,0.0,1,0.00038569733943399415,0.2506438226397433
ENSG00000167378,0.0014363976483164087,0.0,1,0.0010646995776634825,0.250625274306495
ENSG00000138161,0.001618494072532351,0.0,1,0.0008324541916410693,0.25061273706604337
ENSG00000117472,0.0009580513482042804,0.00031984065,1,0.0008955118767015055,0.2505433509683376
ENSG00000075035,0.00200406172878014,0.0,1,0.00011529917552662413,0.2505298402260767
ENSG00000107249,0.0013064519616851084,0.0,1,0.0007463218868912819,0.2505131934621441
ENSG00000107537,0.0011045522200713509,0.00011588452,1,0.0007746629479832597,0.25049877492173644
ENSG00000154380,0.0014499519439935228,0.0,1,0.0005353329944077275,0.2504963212346003
ENSG00000163161,0.0,0.0013633803,1,0.0006195983731570921,0.2504957446799011
ENSG00000174738,0.0006901076476374079,0.00055996684,1,0.000689323319856522,0.25048484945102106
ENSG00000245532,0.00031127073713015216,0.0,1,0.0015640354815494625,0.2504688265546699
ENSG00000198932,0.0001964276077923478,0.0,1,0.0016780096292223988,0.2504686093092537
ENSG00000160058,0.0008690399966109697,0.0,1,0.0009981074280245904,0.25046678685615886
ENSG00000134202,0.0013508469085901783,0.0,1,0.00043631219469065683,0.2504467897758202
ENSG00000165732,0.0006255942064189722,0.0,1,0.001153542509375714,0.25044478417894867
ENSG00000115461,0.0005901669758812617,0.0,1,0.0011877376470491514,0.25044447615573256
ENSG00000175535,0.000552635667472106,0.0006085397,1,0.0005520058233581365,0.25042829529131533
ENSG00000160932,0.0006452312948028676,0.0,1,0.0010663100244950776,0.25042788532982446
ENSG00000055732,0.0009363412564223054,0.0,1,0.0007336574875825453,0.2504174996860012
ENSG00000082153,0.00013636363636363637,0.0,1,0.0015088615373566642,0.25041130629343006
ENSG00000111057,0.00047395150169844913,0.0,1,0.001129623237195234,0.25040089368472346
ENSG00000166770,0.00018841085375345565,0.0,1,0.001317147518860637,0.25037638959315356
ENSG00000102804,0.0006172262328104148,0.0,1,0.0008105526908272206,0.2503569447309094
ENSG00000161281,0.0007950191145092462,0.0,1,0.0005495449350371352,0.2503361410123866
ENSG00000100867,0.0007764236315711059,0.0,1,0.0005435943060498221,0.25033000448440523
ENSG00000128607,0.0,0.0,1,0.0012862210524694137,0.25032155526311733
ENSG00000106605,0.00041035353535353545,0.0,1,0.0008355199594864593,0.25031146837371
ENSG00000154265,0.0007084838761863675,0.0,1,0.0005206986709274456,0.25030729563677845
ENSG00000198954,0.0001369141653501843,0.0,1,0.0010719956665940398,0.2503022274579861
ENSG00000034510,0.00040697490801711776,0.0,1,0.000679728920037766,0.2502716759570137
ENSG00000249915,0.00034450626515263754,0.0,1,0.0006899921268716922,0.2502586245980061
ENSG00000146433,0.00016840590140338254,0.0,1,0.000762890224943451,0.2502328240315867
ENSG00000237767,0.0,0.0,1,0.0009168510950158126,0.25022921277375393
ENSG00000254647,0.0001290322580645161,0.0,1,0.0006925591428531237,0.2502053978502294
ENSG00000096092,0.0,0.0,1,0.0007826929691404491,0.2501956732422851
ENSG00000178726,0.0007741354713769713,0.0,1,0.0,0.25019353386784426
ENSG00000173702,0.0004401685711765966,0.0,1,0.0003186863551632236,0.25018971373158494
ENSG00000211677,0.0,0.0,1,0.000748871831443067,0.25018721795786075
ENSG00000113312,0.00027786062232826325,0.0,1,0.00042866114417297173,0.25017663044162536
ENSG00000196693,0.0002561059518693633,0.0,1,0.0004360499942455146,0.2501730389865287
ENSG00000100348,0.0,0.0,1,0.0006524504981546165,0.25016311262453866
ENSG00000211895,0.0,0.0,1,0.0006380581315849446,0.25015951453289625
ENSG00000164631,0.0,0.0,1,0.0006198987844895317,0.25015497469612236
ENSG00000087274,0.0,0.0,1,0.000588580271966438,0.2501471450679916
ENSG00000247516,0.00016339869281045756,0.0,1,0.0003658166769236257,0.2501323038424335
ENSG00000100601,0.00019140250295580794,0.0,1,0.0002776351465853246,0.25011725941238533
ENSG00000110048,0.0,0.0,1,0.00035298331561676755,0.2500882458289042
ENSG00000114698,0.0,0.0,1,0.0003349961870869344,0.2500837490467717
ENSG00000169764,0.0,0.0,1,0.00028749364514489074,0.2500718734112862
ENSG00000170584,0.0,0.0,1,0.00025408474275303276,0.25006352118568825
ENSG00000205133,0.0,0.0,1,0.00017844433146924253,0.2500446110828673
ENSG00000253797,0.0021644847180350636,0.046867646,0,0.00044407830164949085,0.012369052324158848
ENSG00000167699,0.0027112471325863776,0.035265584,0,0.000605311163611352,0.009645535460291822
ENSG00000151239,0.0016428979229959884,0.032546367,0,0.0002907981698017285,0.008620015897262445
ENSG00000081189,0.0015784604903079976,0.02531386,0,0.0011792907508519593,0.007017902761656176
ENSG00000117461,0.0025797862669271637,0.020381987,0,0.004216738980887588,0.006794628085673476
ENSG00000165704,0.0037360031414560096,0.018825678,0,0.0007164463650228775,0.005819531915326263
ENSG00000131475,0.0016619310852971966,0.020926142,0,0.00020459592851426525,0.005698167281308023
ENSG00000076770,0.0,0.019520428,0,0.002060160591876148,0.005395147155889779
ENSG00000018408,0.0006378637429986963,0.018053096,0,0.0007334738998953863,0.004856108357664419
ENSG00000213676,0.0,0.015446477,0,0.0019031916228154152,0.004337417065283131
ENSG00000138207,0.0005702686139149892,0.015461261,0,0.00042955658314339717,0.004115271645311879
ENSG00000166825,0.000941998027011453,0.01259266,0,0.000436675229984259,0.003492833380044111
ENSG00000155016,0.0,0.01154597,0,0.0015585354005723932,0.0032761263763017886
ENSG00000116774,0.0013957961296798909,0.009169235,0,0.002088012877253161,0.0031632609752872782
ENSG00000165325,0.0004926701167141802,0.011367857,0,0.0004874173868835792,0.003086986239951259
ENSG00000105974,0.0034399060379745015,0.0056538684,0,0.0028970035140120963,0.0029976944953373427
ENSG00000146476,0.0041750557368561945,0.004058181,0,0.0034486796974883415,0.002920479069223286
ENSG00000085415,0.0017325610966334537,0.0057112915,0,0.003907716609967273,0.0028378922894019636
ENSG00000134121,0.002929806805259325,0.003826916,0,0.004583002191274266,0.0028349312453767256
ENSG00000071462,0.002143704354898135,0.007130636,0,0.0013044747916186434,0.0026447037622005887
ENSG00000050030,0.004117866493922798,0.0036767875,0,0.002560593806336861,0.0025888119461742213
ENSG00000115415,0.001992516192316974,0.0067540975,0,0.0011278514027825023,0.0024686162809637855
ENSG00000223745,0.0009059297014151627,0.008126427,0,0.0005939883070665989,0.0024065863569913554
ENSG00000172575,0.006047260270752216,0.00013985696,0,0.0029623677770144953,0.002287371251544819
ENSG00000233452,0.002649668558532591,0.004300789,0,0.0021875930685467306,0.00228451265083285
ENSG00000137504,0.00013137948458817584,0.008061039,0,0.0006574914663374245,0.0022124775531113775
ENSG00000197894,0.0007297530583128502,0.0057924134,0,0.0017584639334003848,0.002070157591064917
ENSG00000091137,0.0026403392542823506,0.0024856126,0,0.002975576687573419,0.002025382145503278
ENSG00000135829,0.002735913177535836,0.0039692703,0,0.001395012034394729,0.0020250488705620896
ENSG00000177963,0.00013071895424836603,0.006009651,0,0.0014824703492431362,0.0019057100464562548
ENSG00000102580,0.003026573352520504,0.0,0,0.004365352436403914,0.0018479814472311044
ENSG00000182568,0.0008790137125321894,0.0034968518,0,0.0027578498233667577,0.0017834288269922196
ENSG00000124780,0.0,0.0062213573,0,0.00036747816240698805,0.0016472088574392366
ENSG00000123200,0.0,0.0056658704,0,0.0008880659672474621,0.0016384840876573264
ENSG00000137573,0.001328567704480283,0.0022353132,0,0.002968798106603259,0.001633169747513738
ENSG00000243955,0.0013198147891982249,0.0044113356,0,0.0007807766264059812,0.0016279817461198201
ENSG00000166908,0.0,0.0063327327,0,0.0,0.0015831831842660904
ENSG00000119681,0.002226097147888945,0.0037913476,0,0.00014870360955770209,0.0015415370922855437
ENSG00000149136,0.0012362080749252107,0.0030692047,0,0.0017967058688724239,0.0015255296719372984
ENSG00000150753,0.003855302995869983,0.0,0,0.002243257999010892,0.0015246402487202187
ENSG00000009844,0.0045429004890866044,0.0,0,0.0014586639830136655,0.0015003911180250674
ENSG00000174827,0.002601275934702475,0.0030224954,0,0.00036349771225216063,0.0014968172678323935
ENSG00000113140,0.004546107855601654,0.0,0,0.0013977260516310859,0.001485958476808185
ENSG00000171817,0.0002572983671449778,0.0045867944,0,0.0010836166339662772,0.0014819273536843623
ENSG00000177459,0.003729254648676546,0.0,0,0.0021956687121681825,0.0014812308402111821
ENSG00000101367,0.003945102937609521,0.0,0,0.0018998481325692817,0.0014612377675447008
ENSG00000164574,0.0030950656578480596,0.00044259056,0,0.002211336446291029,0.0014372481671571131
ENSG00000166111,0.0021958938291999435,0.002240678,0,0.001263644506654166,0.001425054099629148
ENSG00000129244,0.0009262711744055989,0.0020624048,0,0.0026945335164008637,0.0014208023629743343
ENSG00000143549,0.004735139656253869,0.0,0,0.0008591764107778344,0.0013985790167579258
ENSG00000107951,0.002008815076839629,0.0,0,0.003355758934162638,0.0013411435027505668
ENSG00000197223,0.0014521691698763317,0.0031280825,0,0.0006775297454059349,0.001314445351684932
ENSG00000158161,0.00017818593016482196,0.0039157015,0,0.0011149447156890537,0.0013022080432505902
ENSG00000134996,0.0016126988068888453,0.0,0,0.003593803835147019,0.001301625660508966
ENSG00000078967,0.0023415615155807936,0.0,0,0.002781140542990479,0.0012806755146428182
ENSG00000025039,0.0038671194895731164,0.0,0,0.0012148488960397649,0.0012704920964032203
ENSG00000100225,0.0,0.003778527,0,0.0012282962802856847,0.001251705826354764
ENSG00000067533,0.0008571404447217839,0.0,0,0.004138676615734641,0.0012489542651141063
ENSG00000129167,0.0034973138468246336,0.00068802136,0,0.0007360077644775154,0.001230335743398915
ENSG00000141380,0.0,0.0039987834,0,0.0008804443048368746,0.0012198069304707362
ENSG00000120053,0.003946694335691899,0.0,0,0.0009153533299440772,0.0012155119164089941
ENSG00000104760,0.0032264521936839967,0.0,0,0.0016214396960090526,0.0012119729724232623
ENSG00000135951,0.00030152418820410866,0.0042241933,0,0.00030212796862517255,0.0012069613598136711
ENSG00000085117,0.0037052662449842465,0.0,0,0.001114372867559895,0.0012049097781360353
ENSG00000214078,0.0028529108128522275,0.0012562039,0,0.0006781358936327684,0.0011968126418651995
ENSG00000166482,0.0022025357056119866,0.0,0,0.0024564132592538803,0.0011647372412164668
ENSG00000141232,0.0004014577434223746,0.0,0,0.004175146343462671,0.0011441510217212614
ENSG00000152942,0.0037760874167690663,0.0,0,0.0007702916300781068,0.0011365947617117934
ENSG00000182628,0.0038734136189158275,0.0,0,0.0006207976987082225,0.0011235528294060125
ENSG00000187837,0.0010931932933595093,0.001465253,0,0.0019238279733888731,0.0011205685541511511
ENSG00000101310,0.0028782799356044312,0.0,0,0.0015976256982726345,0.0011189764084692665
ENSG00000111669,0.002660466956422323,0.0,0,0.0018143219303328661,0.0011186972216887972
ENSG00000029364,0.003005483410333314,0.0,0,0.0013858543836000356,0.0010978344484833375
ENSG00000164692,0.0029952377267338697,0.0,0,0.001392735670518402,0.001096993349313068
ENSG00000213593,0.0031210896502824183,0.0,0,0.001239392408958339,0.0010901205148101892
ENSG00000006042,0.0007274070441099842,0.0030850945,0,0.0005413783306917072,0.001088469969715013
ENSG00000127328,0.0009561989282020039,0.002395345,0,0.0009617372421903774,0.0010783202671242622
ENSG00000124688,0.0017458566902266636,0.0,0,0.0025558110747733336,0.0010754169412499994
ENSG00000126088,0.0015528037015344887,0.0019328371,0,0.0007960811518127932,0.0010704304805954645
ENSG00000167601,0.0033535950637676977,0.0,0,0.0008349278242516675,0.0010471307220048414
ENSG00000253719,0.0006836216307192786,0.0012693019,0,0.0022345421100854984,0.0010468664015136622
ENSG00000104635,0.002429690325300804,0.0,0,0.001750305034010517,0.0010449988398278302
ENSG00000165272,0.0017525973926492294,0.0,0,0.002418626813531877,0.0010428060515452766
ENSG00000171202,0.0025509729804970515,0.0,0,0.0016089557397203347,0.0010399821800543465
ENSG00000185615,0.0011465795282422336,0.0023427368,0,0.0006662656046997685,0.0010388954867782696
ENSG00000164035,0.0018676256871711378,0.0006487121,0,0.0016216259847011535,0.0010344909427341083
ENSG00000159842,0.0006310615920104867,0.0029305543,0,0.0005477249618708692,0.0010273352205919198
ENSG00000131473,0.0015635985937999361,0.0,0,0.002495156544662593,0.0010146887846156321
ENSG00000006576,0.000678682473335824,0.002118025,0,0.0012437080704167788,0.001010103879703505
ENSG00000141469,0.0022908264387144755,0.0,0,0.0017271210467916488,0.001004486871376531
ENSG00000154080,0.0028848440619388895,0.0,0,0.001077074763907504,0.0009904797064615983
ENSG00000162704,0.0019437336106328384,0.0,0,0.002017748334054341,0.0009903704861717948
ENSG00000138796,0.0014039242111939122,0.0,0,0.0024475857274633924,0.0009628774846643261
ENSG00000063046,0.003315788838152462,0.0,0,0.00047915607524148416,0.0009487362283484865
ENSG00000120438,0.0014624845392702535,0.0,0,0.0023054719131815555,0.0009419891131129522
ENSG00000128731,0.002779392991174003,0.0,0,0.0009730687017608727,0.0009381154232337189
ENSG00000117475,0.0011435447330754083,0.0,0,0.002591082328318422,0.0009336567653484576
ENSG00000122958,0.0023743834407351627,0.0,0,0.0012811134151854428,0.0009138742139801514
ENSG00000163359,0.002124698041815657,0.0,0,0.0015259035998741134,0.0009126504104224425
ENSG00000176903,0.00042251300499774355,0.0020507239,0,0.001170252345519249,0.000910872307761599
ENSG00000109133,0.0024529158076150976,0.0,0,0.0011877144292886394,0.0009101575592259342
ENSG00000075975,0.0017089204303185007,0.0,0,0.0018873508855715261,0.0008990678289725067
ENSG00000211460,0.002839517541234926,0.0,0,0.0007493962887646159,0.0008972284574998854
ENSG00000169241,0.001545157920235748,0.0,0,0.002032388147551894,0.0008943865169469105
ENSG00000164902,0.0024738310488323784,0.0,0,0.0010980196952564546,0.0008929626860222082
ENSG00000204264,0.002217309861652883,0.0,0,0.0013416148628396854,0.000889731181123142
ENSG00000119048,0.0002590931738913802,0.0026848298,0,0.0006070937514442853,0.0008877541704883029
ENSG00000086758,0.0020169817550589305,0.0,0,0.0015231569819775211,0.000885034684259113
ENSG00000095209,0.0007706221336622001,0.0,0,0.002751888746120186,0.0008806277199455966
ENSG00000086548,0.0006441417584068144,0.0024333238,0,0.000431240467717336,0.0008771764982900875
ENSG00000113460,0.0007656073923822404,0.0013689946,0,0.0013457965522022466,0.0008700996340855354
ENSG00000150995,0.0017968165202833376,0.00074311346,0,0.0009389189081986385,0.0008697122216596405
ENSG00000078053,0.0007366639727387994,0.0019691535,0,0.0007680659452393056,0.0008684708612871312
ENSG00000122203,0.0015246999868094076,0.0,0,0.0019420534600056698,0.0008666883617037694
ENSG00000137700,0.001564348720821037,0.0,0,0.0018977139629256417,0.0008655156709366697
ENSG00000160131,0.0018208809779311835,0.0,0,0.0016385332306113431,0.0008648535521356317
ENSG00000185885,0.0018072709366582648,0.0,0,0.0016133966122845126,0.0008551668872356943
ENSG00000168899,0.0024882334667427845,0.0,0,0.000929612515714113,0.0008544614956142244
ENSG00000104870,0.0026610357100492906,0.0,0,0.0007353768253883311,0.0008491031338594055
ENSG00000139505,0.0012946146245059284,0.0,0,0.0021007899663271646,0.0008488511477082732
ENSG00000198855,0.0012964471389598359,0.0,0,0.0020809134475730214,0.0008443401466332143
ENSG00000133641,0.002637071398391176,0.00048494182,0,0.00025275386479808973,0.0008436917703687497
ENSG00000169398,0.002317118173462971,0.0,0,0.0009814438230808338,0.0008246404991359512
ENSG00000153029,0.0015048472543248393,0.0,0,0.0017828462030660143,0.0008219233643477135
ENSG00000154096,0.0024701602249200838,0.0,0,0.0008100888978929276,0.0008200622807032528
ENSG00000186889,0.0019122550442380493,0.0,0,0.0013623502695062923,0.0008186513284360854
ENSG00000106554,0.0009345158865037885,0.0,0,0.00232819404709351,0.0008156774833993246
ENSG00000092108,0.002309395503398016,0.0,0,0.0009369537850727478,0.0008115873221176909
ENSG00000114744,0.002029328573890872,0.0,0,0.0012127735493159728,0.0008105255308017112
ENSG00000259623,0.001830741643452646,0.0,0,0.0013989726592675247,0.0008074285756800427
ENSG00000157224,0.0025420445834859113,0.0,0,0.0006846475244902232,0.0008066730269940337
ENSG00000100320,0.002881663860491909,0.0,0,0.00031117878492665943,0.0007982106613546421
ENSG00000104412,0.002480328264719558,0.0,0,0.0007067519922883424,0.0007967700642519751
ENSG00000133639,0.0022308136778634324,0.0,0,0.0009504166908598085,0.0007953075921808102
ENSG00000213965,0.0018965687178491277,0.0,0,0.0012835110938343073,0.0007950199529208588
ENSG00000211456,0.0019813032975081603,0.0,0,0.0011925400053259725,0.0007934608257085332
ENSG00000026025,0.002166577026011584,0.0,0,0.0009474027833335727,0.0007784949523362893
ENSG00000171503,0.0011070458958822075,0.0,0,0.001998159050096907,0.0007763012364947786
ENSG00000162949,0.0022127309982391385,0.0,0,0.0008922216573462124,0.0007762381638963377
ENSG00000023228,0.0009788139222994493,0.0,0,0.002122442106123813,0.0007753140071058155
ENSG00000113583,0.0004117647058823531,0.0,0,0.0026854605998216075,0.0007743063264259902
ENSG00000171132,0.0015254563237000304,0.0,0,0.0015635876053331802,0.0007722609822583027
ENSG00000108788,0.0002788232611856342,0.0013277549,0,0.0014768841271194033,0.0007708655794916971
ENSG00000121022,0.0011999236217192057,0.0,0,0.0018677513207046702,0.000766918735605969
ENSG00000072274,0.001403353988449496,0.0,0,0.001642817085270451,0.0007615427684299868
ENSG00000104419,0.002663413779075885,0.0,0,0.0003786041106834192,0.000760504472439826
ENSG00000163468,0.0013047003264145445,0.0,0,0.0017169424928009766,0.0007554107048038803
ENSG00000118518,0.0018336241964537917,0.0,0,0.0011860938832715434,0.0007549295199313338
ENSG00000111348,0.0011103518954196096,0.0,0,0.0019090496437979914,0.0007548503848044002
ENSG00000108679,0.0015605578013929459,0.0,0,0.0014379072884410965,0.0007496162724585107
ENSG00000137831,0.0018293768943490557,0.0,0,0.0011660194067921572,0.0007488490752853032
ENSG00000113296,0.0015922731122399465,0.0,0,0.0014025082986931425,0.0007486953527332722
ENSG00000135778,0.0025699218733041145,0.0,0,0.000413065582104728,0.0007457468638522106
ENSG00000100813,0.0015691757644562127,0.0,0,0.0014061739193588622,0.0007438374209537687
ENSG00000107874,0.0011639490449772449,0.0,0,0.0018083005474795444,0.0007430623981141973
ENSG00000143248,0.0019079515420930104,0.0,0,0.0010555201290105855,0.000740867917775899
ENSG00000013275,0.0020682132441524506,0.0,0,0.0008874643128790043,0.0007389193892578638
ENSG00000060762,0.0013684630433497438,0.0,0,0.001581754566542709,0.0007375544024731132
ENSG00000130830,0.0014334934143593813,0.0,0,0.0015112210515041435,0.0007361786164658813
ENSG00000221963,0.0018949272809189624,0.0,0,0.0010479868673901067,0.0007357285370772673
ENSG00000113068,0.0017627114919797847,0.0,0,0.0011800197827733561,0.0007356828186882852
ENSG00000170873,0.0010350499912294001,0.0,0,0.0019038422115909587,0.0007347230507050897
ENSG00000166833,0.0009157662111182293,0.0015619323,0,0.0004604304355194035,0.0007345322280990368
ENSG00000147416,0.0014722627134920985,0.0,0,0.0014505786581349154,0.0007307103429067534
ENSG00000170633,0.00037146132815944955,0.0025461481,0,0.0,0.0007294023675013776
ENSG00000155304,0.0014441728847981216,0.0,0,0.001459777458811849,0.0007259875859024926
ENSG00000109919,0.0028396871225417207,0.0,0,0.0,0.0007099217806354302
ENSG00000169714,0.00038704398865585824,0.0,0,0.002450598674497328,0.0007094106657882965
ENSG00000170871,0.0013262703089226664,0.0,0,0.0015012942875163395,0.0007068911491097515
ENSG00000185787,0.0005862774680296696,0.0,0,0.0022410436297888078,0.0007068302744546193
ENSG00000112769,0.0014873978556551775,0.0,0,0.001332271484406716,0.0007049173350154734
ENSG00000131966,0.0019993885355114416,0.0,0,0.000802965977162739,0.0007005886281685451
ENSG00000163541,0.0020363625835618858,0.0,0,0.0007649659226867376,0.0007003321265621558
ENSG00000167004,0.0013313708543889293,0.0,0,0.001462745193267669,0.0006985290119141496
ENSG00000196177,0.0007355998578292408,0.0,0,0.0020508551038172147,0.0006966137404116139
ENSG00000055130,0.0014616551945344086,0.0,0,0.001313724984894662,0.0006938450448572676
ENSG00000178980,0.00015435356200527704,0.0018770288,0,0.0007412938485002543,0.0006931690637062037
ENSG00000143149,0.0012797908140222889,0.0,0,0.0014596477099924068,0.0006848596310036739
ENSG00000161057,0.001833514518038854,0.0,0,0.000902207858232261,0.0006839305940677788
ENSG00000171992,0.0010736088381642305,0.0,0,0.0016496576972805429,0.0006808166338611933
ENSG00000163430,0.0019042689071773766,0.0,0,0.0007974919505168616,0.0006754402144235596
ENSG00000145817,0.00037375,0.0,0,0.0023177140625632183,0.0006728660156408046
ENSG00000179144,0.0015301736074277922,0.0,0,0.0011585014343815814,0.0006721687604523434
ENSG00000185825,0.0008997550621368866,0.0,0,0.0017673178011349954,0.0006667682158179705
ENSG00000104805,0.000745561677379859,0.0,0,0.0019117450453195745,0.0006643266806748584
ENSG00000160752,0.0013560207602107916,0.0,0,0.0012978190952861247,0.000663459963874229
ENSG00000064989,0.0011566188451932436,0.0,0,0.0014934785302021165,0.0006625243438488401
ENSG00000065427,0.001623220930519863,0.0,0,0.001019752503611172,0.0006607433585327587
ENSG00000108984,0.0019570300161512663,0.0,0,0.0006785211949548503,0.0006588878027765292
ENSG00000157551,0.00017685699848408277,0.0021226504,0,0.00033073981565394204,0.0006575618006915673
ENSG00000092931,0.0014490027726249,0.0,0,0.0011780007101526706,0.0006567508706943927
ENSG00000158796,0.0019047860043120521,0.0,0,0.0007111826800907151,0.0006539921711006918
ENSG00000120805,0.0010672196137690936,0.0,0,0.0015468346334311682,0.0006535135618000654
ENSG00000095261,0.0013982809625272751,0.0,0,0.0012068558803544768,0.000651284210720438
ENSG00000061918,0.0013825599510376679,0.0,0,0.0012103581646181604,0.0006482295289139571
ENSG00000136044,0.0018575254880964609,0.00040749356,0,0.0003238434163701067,0.0006472156153290565
ENSG00000065534,0.0019018209344939033,0.0,0,0.0006840366039654296,0.0006464643846148333
ENSG00000130707,0.0015807260452461109,6.241527e-05,0,0.0009341077628901185,0.0006443122688256113
ENSG00000117505,0.0009128269413368147,0.0,0,0.0016487395286732555,0.0006403916175025176
ENSG00000114480,0.0006131522710494624,0.0,0,0.001946849504168704,0.0006400004438045417
ENSG00000087076,0.0009487057295201899,0.0,0,0.001609769114054923,0.0006396187108937783
ENSG00000164347,0.0010811862071500706,0.0,0,0.0014655838653805098,0.0006366925181326451
ENSG00000129691,0.0020365934797343024,0.0,0,0.0005100406710726996,0.0006366585377017505
ENSG00000167522,0.0009287809870105315,0.0,0,0.0016007056017591698,0.0006323716471924254
ENSG00000127824,0.0018463317931971313,0.0,0,0.0006828936856630646,0.000632306369715049
ENSG00000102265,0.0017966990006634544,0.0,0,0.0007310670709564966,0.0006319415179049878
ENSG00000109686,0.001138970426081096,0.0,0,0.0013793983419820603,0.0006295921920157891
ENSG00000135324,0.002356538146714689,0.0,0,0.00015767303362626195,0.0006285527950852378
ENSG00000273611,0.0013568074573410665,0.0,0,0.0011436164242468261,0.0006251059703969732
ENSG00000163159,0.0007689118344669064,0.0013366304,0,0.0003863974883828787,0.0006229849391619053
ENSG00000115263,0.0018488824549322159,0.0,0,0.0006344687341128623,0.0006208377972612695
ENSG00000050130,0.0011731084236813486,0.0,0,0.0013061356994074423,0.0006198110307721978
ENSG00000127125,0.0003038961038961039,0.0,0,0.0021714621824894817,0.0006188395715963965
ENSG00000078070,0.0010839903466138747,0.0,0,0.0013882664343674016,0.000618064195245319
ENSG00000105058,0.0014834713408532752,0.0,0,0.000984476822110274,0.0006169870407408873
ENSG00000047249,0.0011125173714512605,0.0,0,0.0013527213220307169,0.0006163096733704943
ENSG00000167740,0.000879593192955603,0.0,0,0.0015772237020053941,0.0006142042237402493
ENSG00000100417,0.001264952501357813,0.00079806417,0,0.0003912163841525806,0.0006135582632804237
ENSG00000213719,0.0017453776964071568,6.280819e-05,0,0.0006445110557972783,0.0006131742357274225
ENSG00000129197,0.00014241001564945232,0.0,0,0.0023075547254334194,0.0006124911852707179
ENSG00000106993,0.0013503020647936267,0.0,0,0.0010973525288471909,0.0006119136484102044
ENSG00000148153,0.0011603995412594096,0.0,0,0.00128503886352067,0.0006113596011950199
ENSG00000123836,0.0008702390972154964,0.0,0,0.001565003565321308,0.0006088106656342011
ENSG00000151500,0.0013454260919049652,0.0,0,0.0010877921218068528,0.0006083045534279546
ENSG00000166164,0.0011626137994222511,0.0,0,0.0012514404617520666,0.0006035135652935795
ENSG00000104408,0.001300163185986168,0.0,0,0.0011027340092703475,0.0006007242988141289
ENSG00000163636,0.0015082232884067262,0.0,0,0.0008919491725795747,0.0006000431152465753
ENSG00000180304,0.0005320869125821122,0.0013910168,0,0.00047561551310915844,0.0005996797968659013
ENSG00000136819,0.0003671329191180159,0.0,0,0.0019893022162615613,0.0005891087838448942
ENSG00000100632,0.0016490330889120707,0.0,0,0.0007073229218058556,0.0005890890026794815
ENSG00000143569,0.0001129125651418645,0.0,0,0.0022330336850374297,0.0005864865625448235
ENSG00000127995,0.0015065127097314594,0.0,0,0.0008354728012201322,0.0005854963777378978
ENSG00000163811,0.0012469174123648703,0.000796511,0,0.0002659170429737732,0.0005773363669834476
ENSG00000138078,0.0013816495207948651,0.0,0,0.0009202327509017356,0.0005754705679241502
ENSG00000196655,0.0013265483567219487,0.0,0,0.0009725101622661355,0.0005747646297470211
ENSG00000057704,0.00117273679266936,0.0,0,0.0011195802164282085,0.0005730792522743921
ENSG00000025772,0.0014164525263337874,0.0,0,0.000858913006638521,0.0005688413832430771
ENSG00000089693,0.0008151617886145684,0.0,0,0.0014551833513848059,0.0005675862849998435
ENSG00000196569,0.0013375192120385286,0.0,0,0.000928899404332282,0.0005666046540927026
ENSG00000205542,0.0,0.0,0,0.002251399835249532,0.000562849958812383
ENSG00000162735,0.0015121951219512198,0.0,0,0.0007360064956476439,0.0005620504043997159
ENSG00000198839,0.00026048237476808904,0.0,0,0.0019846173992081463,0.0005612749434940589
ENSG00000074370,0.001349578076925475,0.0,0,0.0008888536917868718,0.0005596079421780867
ENSG00000132002,0.0006074214789028036,0.0,0,0.0016268806403448336,0.0005585755298119094
ENSG00000100557,0.000932117314703102,0.0,0,0.001301614563651407,0.0005584329695886273
ENSG00000260257,0.0013631100478468897,0.0,0,0.0008668683072279916,0.0005574945887687204
ENSG00000084754,0.0,0.0,0,0.002225479649424744,0.000556369912356186
ENSG00000140988,0.0017816766495981887,0.0,0,0.00044186215411431474,0.0005558847009281258
ENSG00000131931,0.0013777487702445756,0.0,0,0.0008353087891660785,0.0005532643898526635
ENSG00000116729,0.0010567966112422667,0.0,0,0.0011502365161450596,0.0005517582818468315
ENSG00000185728,0.001298278521915163,0.0,0,0.0009050073495280825,0.0005508214678608113
ENSG00000177628,0.0,0.0005556943,0,0.0016459475918617545,0.000550410467431426
ENSG00000078668,0.0012440582293523463,0.0,0,0.0009493899339095067,0.0005483620408154633
ENSG00000168175,0.001087772954529714,0.0,0,0.0011023000897393005,0.0005475182610672536
ENSG00000152102,0.000865131783183766,0.0,0,0.0013173036927485323,0.0005456088689830746
ENSG00000198363,0.0016691114281432472,0.0,0,0.0005096170402980446,0.000544682117110323
ENSG00000163961,0.00137418646465717,0.0,0,0.000801422297190387,0.0005439021904618893
ENSG00000196628,0.0013671075244752284,0.0,0,0.0007996772956999041,0.0005416962050437831
ENSG00000148943,0.0004323292076173865,0.0,0,0.0017291395375168593,0.0005403671862835614
ENSG00000170581,0.001962716696447944,0.0,0,0.0001982714794102694,0.0005402470439645533
ENSG00000184956,0.00035514967021816344,0.0010549875,0,0.0007453858225945492,0.0005388807592516441
ENSG00000235823,0.0011517155737669298,0.0,0,0.0009808024215411059,0.0005331294988270089
ENSG00000231013,0.001477593028421153,0.0,0,0.0006542277943205754,0.0005329552056854321
ENSG00000089199,0.0009841336468446626,0.0,0,0.0011455122594520482,0.0005324114765741777
ENSG00000196632,0.0007630364473573439,0.0,0,0.0013623642598417562,0.000531350176799775
ENSG00000023697,0.0014054377277937574,0.0,0,0.0006930692725250293,0.0005246267500796966
ENSG00000170540,0.0009826140189776549,0.0,0,0.0011094874627864447,0.000523025370441025
ENSG00000176153,0.0,0.0,0,0.0020727612031888982,0.0005181903007972246
ENSG00000071054,0.0008563604775913651,0.0,0,0.001200459614653331,0.0005142050230611741
ENSG00000124201,0.00031812328410176616,0.0,0,0.0017317761924024156,0.0005124748691260454
ENSG00000120686,0.0,0.0,0,0.002039431003511544,0.000509857750877886
ENSG00000101166,0.0,0.0,0,0.002024704705563882,0.0005061761763909705
ENSG00000198794,0.00036511156186612567,0.0,0,0.001654166425852984,0.0005048194969297774
ENSG00000133574,0.0002571428571428571,0.0,0,0.001758684796036391,0.000503956913294812
ENSG00000197961,0.0014948693268250855,0.0,0,0.0005160852111792631,0.0005027386345010872
ENSG00000077549,0.0010348567812428545,0.00021643739,0,0.0007587471127326102,0.0005025103203139077
ENSG00000132463,0.0007732587697000507,0.0,0,0.0012283363153079321,0.0005003987712519957
ENSG00000133731,0.000628156019033812,0.0,0,0.0013722521036884504,0.0005001020306805656
ENSG00000047410,0.001451864864661343,0.0,0,0.0005397051790414125,0.0004978925109256889
ENSG00000115762,0.000803844745041126,0.0,0,0.0011864140674063216,0.000497564703111862
ENSG00000100883,0.0008938959280521026,0.0,0,0.001082753875451231,0.0004941624508758334
ENSG00000112419,0.0007233993765087948,0.0,0,0.0012532009240795645,0.0004941500751470898
ENSG00000177707,0.0004807720993282515,0.0,0,0.0014949974643035143,0.0004939423909079415
ENSG00000105552,0.000508838383838384,0.0,0,0.0014484566780448842,0.000489323765470817
ENSG00000005194,0.0009686404213943373,0.0,0,0.0009696394082331124,0.0004845699574068624
ENSG00000101938,0.00042739438182001993,0.0,0,0.0015059523284910784,0.0004833366775777746
ENSG00000182180,0.0004132353931538267,0.0,0,0.001519690147168541,0.0004832313850805919
ENSG00000156976,0.0,0.0,0,0.001932412859506174,0.0004831032148765435
ENSG00000176485,0.0008518107695287102,0.0,0,0.001076991020313988,0.00048220044746067454
ENSG00000251562,0.0012624272518045629,0.0,0,0.0006656256808773331,0.000482013233170474
ENSG00000109519,0.001206264639491055,0.0,0,0.0007155983811948533,0.00048046575517147707
ENSG00000140367,0.0007008025556219087,0.00033720842,0,0.0008834095915946451,0.00048035514117341
ENSG00000006071,0.0003122265589543434,0.0,0,0.0016013139969672764,0.00047838513898040494
ENSG00000171497,0.0016754138702460852,0.0,0,0.00023131672597864766,0.00047668264905618323
ENSG00000157978,0.0008201382122286049,0.0,0,0.0010628052256166135,0.0004707358594613046
ENSG00000159713,0.0012245626555610508,0.0,0,0.0006509913573970514,0.00046888850323952556
ENSG00000136144,0.0013714800862450326,0.0,0,0.0004948919069407122,0.00046659299829643623
ENSG00000214087,0.0001880165289256199,0.0,0,0.0016758401276416263,0.00046596416414181155
ENSG00000170827,0.0011108459926651578,0.0,0,0.0007507552253619523,0.0004654003045067775
ENSG00000087191,0.0012436993002049902,0.0,0,0.0006152207524189615,0.0004647300131559879
ENSG00000148690,0.0006434615868192296,0.0,0,0.0012064578091934926,0.00046247984900318054
ENSG00000099246,0.0007545192998556964,0.0,0,0.0010932224715663767,0.0004619354428555183
ENSG00000187189,0.0011190765095191173,0.0,0,0.0007273605861490165,0.00046160927391703346
ENSG00000205629,0.0012753108312150803,0.0,0,0.0005691347415322566,0.0004611113931868342
ENSG00000065621,0.0001960620025136153,0.0,0,0.001637963629321026,0.0004585064079586603
ENSG00000165775,0.00031300798911445995,0.0,0,0.001510560850254613,0.00045589220984226824
ENSG00000197603,0.0013328407328918076,0.0,0,0.0004893655343096995,0.0004555515668003768
ENSG00000175387,0.00019335007932310934,0.0,0,0.0016247491504562115,0.0004545248074448302
ENSG00000005889,0.0010831444643453034,0.0,0,0.0007301032512649188,0.00045331192890255554
ENSG00000111711,0.0008455298668821802,0.0,0,0.0009661990782697111,0.0004529322362879728
ENSG00000134986,0.0009471341323019012,0.0,0,0.0008643692352385794,0.00045287584188512015
ENSG00000131779,0.0016574514696736293,0.0,0,0.00014870360955770209,0.00045153876980783285
ENSG00000166454,0.0007290560379129039,0.0,0,0.0010763615054562748,0.0004513543858422947
ENSG00000119655,0.0004891180556779487,0.0,0,0.0013155206061301803,0.00045115966545203226
ENSG00000069702,0.0009216296017087572,0.0,0,0.0008818261426995187,0.000450863936102069
ENSG00000139163,0.0013608821867743092,0.0,0,0.00044102694458566334,0.00045047728283999314
ENSG00000117758,0.0009826231754224272,0.0,0,0.0008177064420074079,0.00045008240435745874
ENSG00000117222,0.00017798466593647318,0.0,0,0.0016210131529664513,0.00044974945472573113
ENSG00000133056,0.0011153260647894458,0.0,0,0.0006824433354566415,0.00044944235006152185
ENSG00000132698,0.00015530114484818314,0.0,0,0.0016372687579859202,0.00044814247570852585
ENSG00000137965,0.0007966595922006155,0.0,0,0.000994319312128379,0.0004477447260822486
ENSG00000148660,0.00018711766822598064,0.0,0,0.0016035564779095437,0.0004476685365338811
ENSG00000108406,0.0002963525835866262,0.0,0,0.0014877028852979873,0.0004460138672211534
ENSG00000240583,0.0007348660417287868,0.0,0,0.001047615701784487,0.00044562043587831844
ENSG00000100603,0.0012874421348824544,0.0,0,0.0004945771903067278,0.00044550483129729554
ENSG00000123416,0.0010038655733040618,0.0,0,0.0007729995912955931,0.00044421629114991374
ENSG00000004059,0.0005937839662427345,0.0,0,0.001178649706822335,0.0004431084182662674
ENSG00000143387,0.0012272227037455191,0.0,0,0.0005405258188684726,0.00044193713065349794
ENSG00000123562,0.0006794369069600271,0.0,0,0.0010777313888316485,0.0004392920739479189
ENSG00000095139,0.00013218098627351292,0.0,0,0.0016229230513186241,0.00043877600939803426
ENSG00000087086,0.00041771253956127927,0.0,0,0.0013352250121716177,0.00043823438793322425
ENSG00000180817,0.00016675218060543872,0.00044557537,0,0.0011340284314439394,0.00043658899451972353
ENSG00000178988,0.0002949846014478482,0.0,0,0.0014490715400330603,0.0004360140353702271
ENSG00000165609,0.0012255019991197376,0.0,0,0.00050814865341336,0.0004334126631332744
ENSG00000242372,0.0015254100306776863,0.0,0,0.00019567506717989687,0.0004302712744643958
ENSG00000062485,0.0005723812769988479,0.0,0,0.001146453304508118,0.0004297086453767414
ENSG00000113231,0.0003925429389897879,0.0,0,0.001324068512913042,0.00042915286297570747
ENSG00000100167,0.0,0.0010769576,0,0.0006394255210981191,0.00042909577031062095
ENSG00000163879,0.0,0.0015810014,0,0.00013218098627351294,0.0004282956077483112
ENSG00000171766,0.0007283800008368334,0.0,0,0.0009824924862910582,0.00042771812178197285
ENSG00000170291,0.0003887804953839741,0.0,0,0.001316424107718794,0.00042630115077569203
ENSG00000109501,0.00011023176936122102,0.0,0,0.001588965065139023,0.00042479920862506103
ENSG00000110442,0.0,0.0,0,0.0016975136748837015,0.0004243784187209254
ENSG00000147724,0.0011579459085067681,0.000100275036,0,0.00042463141840366037,0.00042071309071449746
ENSG00000033867,0.0009790395313332549,0.0,0,0.0007019549271046805,0.0004202486146094839
ENSG00000182518,0.00031085808273897237,0.0,0,0.0013640985349170401,0.0004187391544140031
ENSG00000163904,0.0010162862603185678,0.0,0,0.0006582538547609273,0.0004186350287698738
ENSG00000107521,0.00035803976002692284,0.0,0,0.001314728738470477,0.00041819212462434997
ENSG00000009335,0.0,0.0,0,0.0016679709998838914,0.00041699274997097284
ENSG00000204070,0.0005133851602854299,0.0,0,0.0011446772508496843,0.0004145156027837786
ENSG00000085998,0.00021122846025569745,0.0,0,0.001438414391709321,0.0004124107129912546
ENSG00000123091,0.001027906935202849,0.0,0,0.0006137610657333138,0.0004104170002340407
ENSG00000084733,0.000930055188843027,0.0,0,0.0007089707445579331,0.00040975648335024
ENSG00000141198,0.0012716685209776405,0.0,0,0.00035646500593119817,0.00040703338172720963
ENSG00000106049,0.0,0.0,0,0.0016263257075715446,0.00040658142689288616
ENSG00000173706,0.0007281616607442818,0.0,0,0.0008939948695967119,0.00040553913258524845
ENSG00000164924,0.00010172143974960875,0.0,0,0.0015115336439763011,0.0004033137709314775
ENSG00000155368,0.0003570133396896201,0.0,0,0.0012540956664409398,0.00040277725153264
ENSG00000165169,0.00045734388742304307,0.0,0,0.0011444458566344687,0.00040044743601437793
ENSG00000100316,0.0011406430973806131,0.0,0,0.0004546594902853604,0.00039882564691649336
ENSG00000174059,0.001297687979946378,0.0,0,0.00029740721911540406,0.00039877379976544555
ENSG00000158615,0.00018918645780697317,0.0,0,0.0014052275826644748,0.000398603510117862
ENSG00000177683,0.0013353322685981405,0.0,0,0.00025610066090493125,0.00039785823237576795
ENSG00000128699,0.0,0.0,0,0.001588643791389089,0.00039716094784727227
ENSG00000198380,0.0006686310750212094,0.0,0,0.0009126522631392459,0.00039532083454011383
ENSG00000111341,0.0006071582100314784,0.0,0,0.0009725362183510921,0.0003949236070956426
ENSG00000196141,0.000162754303599374,0.0,0,0.0014120415649228008,0.00039369896713054367
ENSG00000130165,0.0005353204746735745,0.0,0,0.0010230861323894612,0.00038960165176575893
ENSG00000132938,0.0008523344953846245,0.0,0,0.000704932862824845,0.0003893168395523674
ENSG00000136021,0.0,0.0,0,0.0015558401561301543,0.0003889600390325386
ENSG00000067167,0.0013259293396408764,0.0,0,0.00022836625753504247,0.0003885738992939797
ENSG00000166532,0.0003231486276540652,0.0,0,0.0012193141831349898,0.0003856157026972637
ENSG00000101290,0.0003326492431168171,0.0,0,0.0012087005948179274,0.00038533745948368615
ENSG00000159921,0.0010016067646458021,0.0,0,0.0005386375190645653,0.00038506107092759184
ENSG00000143401,0.00140670691067493,0.0,0,0.00013218098627351294,0.0003847219742371107
ENSG00000140443,0.00019561128526645756,0.0,0,0.0013418616394259076,0.0003843682311730913
ENSG00000257267,0.0010466695269382433,0.0,0,0.0004896204033214709,0.00038407248256492856
ENSG00000118523,0.0007291468024122863,0.0,0,0.0008055051201975457,0.000383662980652458
ENSG00000115677,0.0006839747987399709,0.0,0,0.0008445313014592479,0.00038212652504980473
ENSG00000265241,0.0006311974988947136,0.0,0,0.0008940298965198977,0.0003813068488536528
ENSG00000181191,0.0007143326164836322,0.0,0,0.0008097754361099559,0.000381027013148397
ENSG00000197912,0.0,0.00094192754,0,0.0005808379425637717,0.00038069137183409916
ENSG00000115233,0.0012041883673273466,0.0,0,0.00031605417967898937,0.000380060636751584
ENSG00000120727,0.0013536490506419496,0.0,0,0.0001652262328418912,0.0003797188208709602
ENSG00000176871,0.00042300125991909986,0.0,0,0.0010932174275838282,0.000379054671875732
ENSG00000125844,0.00060734375,0.00033656193,0,0.0005659452393056864,0.0003774627308492093
ENSG00000164125,0.0010464422655502785,0.0,0,0.0004626334519572953,0.0003772689293768934
ENSG00000171421,0.0,0.00018400759,0,0.0013134769109562439,0.000374371124146749
ENSG00000166275,0.0008232676414494599,0.0,0,0.0006725426051590367,0.00037395256165212416
ENSG00000244187,0.00013464526152252718,0.0,0,0.001359274255372374,0.0003734798792237253
ENSG00000122873,0.001492930575188136,0.0,0,0.0,0.000373232643797034
ENSG00000069275,0.0003406686144428335,0.0,0,0.0011522319361261164,0.0003732251376422375
ENSG00000117305,0.00015717884130982365,0.0,0,0.0013344663769234981,0.00037291130455833045
ENSG00000100380,0.0005303611962184345,0.0,0,0.0009611056759595892,0.0003728667180445059
ENSG00000184009,0.000569156275573658,0.0,0,0.000909036796708582,0.00036954826807056003
ENSG00000121741,0.0006553657362196792,0.0,0,0.0008203089064807419,0.00036891866067510526
ENSG00000255112,0.000603165341491666,0.0,0,0.000864610833025951,0.00036694404362940425
ENSG00000154174,0.0009153829020730142,0.0,0,0.0005462980080417803,0.00036542022752869866
ENSG00000163818,0.0,0.0,0,0.0014586866775179817,0.0003646716693794954
ENSG00000143543,0.0008030064652186663,0.0,0,0.0006515118502917181,0.0003636295788775961
ENSG00000149573,0.0008773242588970381,0.0,0,0.0005682065773575687,0.0003613827090636517
ENSG00000109971,0.0,0.0,0,0.0014427257190652914,0.00036068142976632286
ENSG00000039123,0.0007856058655574021,0.0,0,0.0006563533695587585,0.00036048980877904013
ENSG00000205707,0.0010536939313984168,0.0,0,0.0003866293848500255,0.00036008082906211056
ENSG00000113369,0.0012968264718840623,0.0,0,0.00013879003558718865,0.00035890412686781276
ENSG00000121579,0.00043333333333333337,0.0,0,0.0010012706150075695,0.0003586509870852257
ENSG00000153561,0.0009416977331966579,0.0,0,0.0004918657854600915,0.00035839087966418735
ENSG00000183431,0.0009979729225381385,0.0,0,0.000431276275260057,0.00035731229944954885
ENSG00000126247,0.00023939670554485218,0.0,0,0.0011896288764616165,0.00035725639550161716
ENSG00000204287,0.0003841688654353563,0.0,0,0.0010351417108153255,0.00035482764406267043
ENSG00000085231,0.0008113934764451317,0.0,0,0.0006067397777616382,0.0003545333135516925
ENSG00000152952,0.0005657933065238993,0.0,0,0.0008518275253129176,0.00035440520795920424
ENSG00000110955,0.0008935480341310941,0.0,0,0.0005234079706460952,0.00035423900119429733
ENSG00000160695,0.0007597872315270242,0.0,0,0.000656970973442758,0.00035418955124244555
ENSG00000198961,0.0007624516543496457,0.0,0,0.000654145676387669,0.00035414933268432865
ENSG00000154122,0.00044438242781491224,0.0,0,0.0009705787915465869,0.0003537403048403748
ENSG00000113845,0.00024425887265135696,0.0,0,0.0011700270370199196,0.00035357147741781915
ENSG00000164172,0.0,0.0,0,0.001409492880475297,0.0003523732201188243
ENSG00000154813,0.0006227918080160821,0.0,0,0.000785661837374504,0.0003521134113476465
ENSG00000108651,0.0013056348483217047,0.0,0,9.913573970513472e-05,0.0003511926470067099
ENSG00000113721,0.0005062032382225754,0.0,0,0.0008953803941505428,0.0003503959080932796
ENSG00000153339,0.0,0.00085178734,0,0.0005480293259839992,0.0003499541654222528
ENSG00000141433,0.0003114330586789274,0.0,0,0.0010824022939082375,0.00034845883814679123
ENSG00000197045,0.0004376960914002983,0.0,0,0.0009509663781397388,0.0003471656173850093
ENSG00000172007,0.0004237410378143297,0.0,0,0.0009636309716380888,0.0003468430023631046
ENSG00000106853,0.0006263071895424838,0.0,0,0.0007595685961217227,0.0003464689464160516
ENSG00000111845,0.0011508317067195027,0.0,0,0.00023131672597864766,0.0003455371081745376
ENSG00000173542,0.0003676767676767677,0.0,0,0.0010087967658914685,0.000344118383392059
ENSG00000118246,0.000726429315863917,0.0,0,0.0006471249297621278,0.00034338856140651115
ENSG00000134440,0.00010067114093959733,0.0,0,0.0012671460043091973,0.00034195428631219867
ENSG00000198843,0.0006493098741309056,0.0,0,0.0007173489301586784,0.000341664701072396
ENSG00000187955,0.0003231861998985286,0.0,0,0.0010365625709753282,0.0003399371927184642
ENSG00000155744,0.0007415130601184634,0.0,0,0.0006161858532352732,0.00033942472833843417
ENSG00000137040,0.00037818181818181825,0.0,0,0.0009743862333445289,0.0003381420128815868
ENSG00000172348,0.0010329987215966865,0.0,0,0.00031865059190936166,0.00033791232837651207
ENSG00000110321,0.00028516824266240957,0.0,0,0.0010634995939782994,0.00033716695916017724
ENSG00000183978,0.0011701319891894814,0.0,0,0.00017348754448398587,0.0003359048834183668
ENSG00000132640,0.0010860357176837915,0.0,0,0.0002568516892360309,0.0003357218517299556
ENSG00000117697,0.001242365533538953,0.0,0,9.913573970513472e-05,0.00033537531831102197
ENSG00000091972,0.00013422818791946307,0.0,0,0.0012061742175853265,0.0003351006013761974
ENSG00000113643,0.0002932886787496717,0.0,0,0.0010465162359793343,0.0003349512286822515
ENSG00000135390,0.00017988100179881,0.0,0,0.0011594880550564138,0.00033484226421380596
ENSG00000116161,0.0,0.0,0,0.0013378943036289254,0.00033447357590723136
ENSG00000111696,0.0010426155009649214,0.0,0,0.00029225731055929343,0.00033371820288105375
ENSG00000070718,0.0,0.0,0,0.0013330644130832533,0.0003332661032708133
ENSG00000147872,0.0006213461932815019,0.0,0,0.0007085814007146752,0.0003324818984990443
ENSG00000225733,0.0,0.0,0,0.0013237617803377624,0.0003309404450844406
ENSG00000105854,0.0008107957547469202,0.00015634364,0,0.0003563802745297407,0.00033087991683967397
ENSG00000113552,0.00020010689470871185,0.0,0,0.001120803125520671,0.0003302275050573457
ENSG00000133059,0.0,0.0,0,0.0013168604568386817,0.0003292151142096704
ENSG00000113141,0.000492827736076637,0.0,0,0.0008237952917845633,0.00032915575696530004
ENSG00000082258,0.000914953835900522,0.0,0,0.00039654295882053897,0.00032787419868026525
ENSG00000170385,0.00018840579710144932,0.0,0,0.0011145092013205356,0.00032572874960549623
ENSG00000067955,0.0008958558994197291,0.0,0,0.00040559821469836723,0.0003253635285295241
ENSG00000153130,0.0003629870129870132,0.0,0,0.000937498092227762,0.00032512127630369384
ENSG00000133606,0.00039028508771929866,0.0,0,0.0009082012293756065,0.0003246215792737263
ENSG00000075785,0.0001879194630872483,0.0,0,0.00110866802236909,0.0003241468713640846
ENSG00000155868,0.0,0.0,0,0.0012917764472766173,0.00032294411181915434
ENSG00000129625,0.000303896103896104,0.0,0,0.0009816793039546965,0.00032139385196270015
ENSG00000099250,0.0008151624239971364,0.0,0,0.00046842555234265026,0.00032089699408494667
ENSG00000100614,0.0003859777712236027,0.0,0,0.0008938414718430136,0.00031995481076665407
ENSG00000106355,0.0,0.0,0,0.0012792211846341837,0.0003198052961585459
ENSG00000184203,0.0006119705874601376,0.0,0,0.0006620354266449041,0.0003185015035262604
ENSG00000129460,0.0001851524212239697,0.0,0,0.0010867917643757033,0.0003179860463999182
ENSG00000110696,0.001115773311259667,0.0,0,0.00014696438605410331,0.00031568442432844255
ENSG00000033627,0.0,0.0,0,0.0012589245100550054,0.00031473112751375135
ENSG00000169446,0.0005293478260869565,0.0,0,0.0007254118082043562,0.0003136899085728282
ENSG00000159352,0.0003244304873414504,0.0,0,0.0009302236908998472,0.0003136635445603244
ENSG00000092201,0.00019308855742978373,0.0,0,0.0010578531297201687,0.0003127354217874881
ENSG00000162992,0.00024186046511627898,0.0,0,0.001001552869611125,0.000310853333681851
ENSG00000243317,0.00010067114093959733,0.0,0,0.001140888268083456,0.00031038985225576336
ENSG00000114573,0.00035461246903632066,0.0,0,0.000880847655784412,0.00030886503120518315
ENSG00000203778,0.0005023233145990758,0.0,0,0.0007282663955261824,0.0003076474275313146
ENSG00000213463,0.0005437452869710935,0.0,0,0.0006861866066387732,0.0003074829734024667
ENSG00000166963,0.0007029971910006066,0.0,0,0.000524260691012089,0.00030681447050317394
ENSG00000094914,0.0,0.0,0,0.0012199596920618781,0.00030498992301546953
ENSG00000170677,0.0003550780716529339,0.0,0,0.0008646195726214564,0.0003049244110685976
ENSG00000197746,0.0005730478589420655,0.0,0,0.0006455261820030504,0.00030464351023627896
ENSG00000070785,0.0005349650349650349,0.0,0,0.0006829284701331367,0.00030447337627454287
ENSG00000178913,0.0003878993638056172,0.0,0,0.0008214756286946953,0.0003023437481250781
ENSG00000086061,0.0,0.0,0,0.001199241242606181,0.00029981031065154525
ENSG00000164751,0.0004437298821967811,0.0,0,0.0007406988029763833,0.0002961071712932911
ENSG00000149182,0.0009422690254115633,0.0,0,0.00023957803762074222,0.00029546176575807637
ENSG00000164050,0.0006557560419226458,0.0,0,0.0005257786078999139,0.0002953836624556399
ENSG00000162604,0.0009938957475994514,0.0,0,0.00018505338078291818,0.0002947372820955924
ENSG00000104522,0.0010885771621072843,0.0,0,8.96942406855981e-05,0.0002945678506982206
ENSG00000110514,0.0,0.0,0,0.0011776696443702036,0.0002944174110925509
ENSG00000144749,0.0006622454634678923,0.0,0,0.0005128991717373939,0.0002937861588013216
ENSG00000166200,5.961438249088062e-05,0.0,0,0.001113931936447959,0.0002933865797347099
ENSG00000162733,0.0007112970546893384,0.0,0,0.0004602730772024112,0.0002928925329729374
ENSG00000125166,0.0,0.0,0,0.001168193896775792,0.000292048474193948
ENSG00000166037,0.0006212449435506765,0.0,0,0.0005463480765971868,0.0002918982550369658
ENSG00000127954,0.0002731540976857569,0.0,0,0.0008892265865033931,0.0002905951710472875
ENSG00000099800,0.0006804064802505406,0.0,0,0.00047525072791976703,0.0002889143020425769
ENSG00000221914,0.0,0.0,0,0.0011536272009073235,0.0002884068002268309
ENSG00000086619,0.0007397902409169308,0.0,0,0.00040952501997240166,0.0002873288152223331
ENSG00000031698,0.0,0.0,0,0.001146055005507751,0.00028651375137693773
ENSG00000141367,0.00016649590163934428,0.0,0,0.0009748487894877003,0.00028533617278176114
ENSG00000168824,0.00016323455549974885,0.0,0,0.0009750786948472614,0.00028457831258675256
ENSG00000079785,0.0008775382128159906,0.0,0,0.00025754956786985247,0.0002837719451714608
ENSG00000163565,0.0006148288772224676,0.0,0,0.0005197354472900987,0.0002836410811281416
ENSG00000146416,0.00020537124802527646,0.0,0,0.0009287291040647902,0.00028352508802251665
ENSG00000086666,0.00029737206085753804,0.0,0,0.0008321349892270076,0.0002823767625211364
ENSG00000152578,0.0004952739197530865,0.0,0,0.0006312172232205728,0.0002816227857434148
ENSG00000111790,0.00010415623435152729,0.0,0,0.0010202169123877307,0.0002810932866848145
ENSG00000168032,0.0,0.0,0,0.0011212543920501076,0.0002803135980125269
ENSG00000166503,0.0007369507261792824,0.0,0,0.00038002033553634975,0.00027924276542890805
ENSG00000273841,0.00039573820395738193,0.0,0,0.0007192848669716998,0.00027875576773227044
ENSG00000156261,0.0001325854156042835,0.0,0,0.0009809927037220867,0.00027839452983159256
ENSG00000042317,0.0,0.0,0,0.001102595605264644,0.000275648901316161
ENSG00000118579,0.0,0.0,0,0.0010944175780509776,0.0002736043945127444
ENSG00000109332,0.00019564643799472288,0.0,0,0.0008959402828372406,0.00027289668020799086
ENSG00000114779,0.0,0.0,0,0.0010887850948316596,0.0002721962737079149
ENSG00000107295,0.0001877777777777777,0.0,0,0.0008983114242138137,0.00027152230049789784
ENSG00000250722,0.0009081891557751494,0.0,0,0.00017221657346212524,0.0002701014323093187
ENSG00000145781,0.00048044721024258273,0.0,0,0.0005998729028978138,0.0002700800282850991
ENSG00000102471,0.0009215718270893255,0.0,0,0.00015861718352821552,0.00027004725265438524
ENSG00000106366,0.0007761163065433554,0.0,0,0.00029898080228532705,0.0002687742772071706
ENSG00000118271,0.0007823057432432434,0.0,0,0.0002907981698017285,0.00026827597826124296
ENSG00000143314,0.0,0.0,0,0.0010700651661505753,0.00026751629153764383
ENSG00000135845,0.00017096265123619145,0.0,0,0.0008985385446088881,0.0002673752989612699
ENSG00000111859,0.0004403590040532714,0.0,0,0.0006264395128312814,0.0002666996292211382
ENSG00000180628,0.00018887467212590377,0.0,0,0.0008772735258119093,0.0002665370494844533
ENSG00000160194,0.0006787399766099581,0.0,0,0.00038427405902509816,0.00026575350890876406
ENSG00000116199,0.0001796998420221169,0.0,0,0.0008789248795603652,0.00026465618039562053
ENSG00000166181,0.0,0.0,0,0.001058480357802453,0.00026462008945061323
ENSG00000148110,0.0006916996047430831,0.0,0,0.0003634977122521606,0.00026379932924881094
ENSG00000175334,0.0009026867213590739,0.0,0,0.00014728738470477155,0.00026249352651596135
ENSG00000182107,9.853461344113188e-05,0.0,0,0.0009475512624978818,0.0002615214689847534
ENSG00000182606,0.0004512755451740508,0.0,0,0.0005925266903914591,0.0002609505588913775
ENSG00000137601,0.0,0.0,0,0.001037582265918784,0.000259395566479696
ENSG00000065135,0.0005373983462352759,0.0,0,0.000492531532185828,0.00025748246960527596
ENSG00000168917,0.0005283564467766116,0.0,0,0.0004947671055168906,0.0002557808880733755
ENSG00000158856,0.00037461577868852465,0.0,0,0.0006420404460716671,0.0002541640561900479
ENSG00000151353,0.00018299285353353068,0.0,0,0.0008294681508967229,0.0002531152511075634
ENSG00000173786,0.0005604911051909942,0.0,0,0.0004480992655878268,0.00025214759269470526
ENSG00000198715,0.0005021160395453183,0.0,0,0.0005021424940082794,0.0002510646333883994
ENSG00000171928,0.00043773383217530744,0.0,0,0.000565147856295543,0.0002507204221177126
ENSG00000140297,0.0001910974321282557,0.0,0,0.0008051349097710165,0.00024905808547481806
ENSG00000136381,0.00018722155762725858,0.0,0,0.0008081190014019194,0.0002488351397572945
ENSG00000112902,0.0006817839101947958,0.0,0,0.00031062531774275553,0.0002481023069843878
ENSG00000137210,0.0007128348364517423,0.0,0,0.00027474762146851634,0.00024689561448006466
ENSG00000188938,0.00017455242966751917,0.0,0,0.0008102153919111988,0.0002461919553946795
ENSG00000093183,0.0,0.0,0,0.0009844178952719876,0.0002461044738179969
ENSG00000131373,0.000494480219929995,0.0,0,0.0004890696492119979,0.00024588746728549825
ENSG00000090263,0.00033164416389035,0.0,0,0.0006429660832304452,0.00024365256178019882
ENSG00000070831,0.0003532401667894572,0.0,0,0.0006209085164073195,0.00024353717079919417
ENSG00000143771,0.0005187416331994646,0.0,0,0.0004526555041298306,0.0002428492843323238
ENSG00000102048,0.0,0.0,0,0.0009705982036942889,0.00024264955092357223
ENSG00000171453,0.0002969605127165168,0.0,0,0.0006686154889001865,0.00024139400040417582
ENSG00000119446,0.0001949999999999999,0.0,0,0.0007665627592111955,0.00024039068980279883
ENSG00000186166,0.0,0.0,0,0.0009589415837509383,0.00023973539593773456
ENSG00000138107,9.844541545532078e-05,0.0,0,0.0008502206026450968,0.0002371665045251044
ENSG00000145907,0.00022373788883222847,0.0,0,0.0007241690500081906,0.00023697673471010478
ENSG00000134597,0.0,0.0,0,0.0009453482460599899,0.00023633706151499748
ENSG00000174574,0.00033229978068516976,0.0,0,0.000612281211416951,0.00023614524802553018
ENSG00000162664,0.00027452974072191146,0.0,0,0.0006676319994189848,0.00023554043503522406
ENSG00000185875,0.0,0.0,0,0.0009403589970443046,0.00023508974926107615
ENSG00000155324,0.00038502851581292686,0.0,0,0.0005497868186420484,0.00023370383361374382
ENSG00000001461,0.0002580535390199639,0.0,0,0.0006759594454001867,0.00023350324610503767
ENSG00000076053,0.0,0.0,0,0.000932747476214685,0.00023318686905367126
ENSG00000180488,0.0006539071144472023,0.0,0,0.0002726232841891205,0.0002316325996590807
ENSG00000263465,0.0004194717762817195,0.0,0,0.0004989832231825115,0.00022961374986605774
ENSG00000119004,0.0,0.0,0,0.0009161472823802221,0.00022903682059505554
ENSG00000249242,0.0001903406202338586,0.0,0,0.0007247924080664294,0.000228783257075072
ENSG00000183741,0.0005416471043928944,0.0,0,0.0003721287251470256,0.00022844395738498
ENSG00000104047,0.0,0.0,0,0.0009099769207801747,0.00022749423019504368
ENSG00000116918,0.00028763183125599237,0.0,0,0.0006217718404087614,0.00022735091791618845
ENSG00000100744,0.00036162732295328954,0.0,0,0.0005471491734836929,0.00022719412410924562
ENSG00000115685,0.0,0.0,0,0.0009084311868329482,0.00022710779670823705
ENSG00000152700,0.0,0.0,0,0.0009048849140320054,0.00022622122850800134
ENSG00000100888,0.00016586921850079745,0.0,0,0.0007299852325271744,0.00022396361275699297
ENSG00000169019,0.0003402381822849009,0.0,0,0.0005506138402732165,0.00022271300563952935
ENSG00000120509,0.0,0.0,0,0.0008856458465867367,0.00022141146164668418
ENSG00000071794,0.00032227726378669793,0.0,0,0.0005618923014045475,0.00022104239129781136
ENSG00000019505,0.0001356993736951983,0.0,0,0.0007424165395695645,0.00021952897831619068
ENSG00000095059,0.0005963353466431081,0.0,0,0.00028088459583121506,0.0002193049856185808
ENSG00000008018,0.0,0.0,0,0.0008708363341207716,0.0002177090835301929
ENSG00000005700,0.00036572997416020673,0.0,0,0.0005047425375844288,0.0002176181279361589
ENSG00000121766,0.00019679300291545188,0.0,0,0.000672905573542397,0.0002174246441144622
ENSG00000129083,0.0005286594213343326,0.0,0,0.0003286499976891436,0.00021432735475586905
ENSG00000173726,0.00026766649720386365,0.0,0,0.0005876045662522532,0.00021381776586402922
ENSG00000154978,0.0002906219674264485,0.0,0,0.0005621983507087729,0.00021320507953380533
ENSG00000067704,0.0001813652217239662,0.0,0,0.0006684084384830914,0.0002124434150517644
ENSG00000100591,0.0,0.0,0,0.0008489195095702471,0.00021222987739256177
ENSG00000134697,0.0006543626417390914,0.0,0,0.00019331469242501274,0.00021191933354102602
ENSG00000166228,0.00035418550892644284,0.0,0,0.0004923844045953275,0.00021164247838044258
ENSG00000196792,0.0005412296146796845,0.0,0,0.00030212796862517255,0.00021083939582621425
ENSG00000113742,0.0003670933734939759,0.0,0,0.00047552109811896295,0.0002106536179032347
ENSG00000113924,0.0,0.0,0,0.0008419359979514289,0.00021048399948785722
ENSG00000049245,0.00048768546590846244,0.0,0,0.00035424504321301465,0.00021048262728036926
ENSG00000120694,0.0006054561368193473,0.0,0,0.0002346212506354855,0.0002100193468637082
ENSG00000129472,0.0,0.0,0,0.0008332147093712936,0.0002083036773428234
ENSG00000124596,0.0006762494564035658,0.0,0,0.00014720155289550305,0.00020586275232476722
ENSG00000127804,0.00036337281389235866,0.0,0,0.000459398870888468,0.00020569292119520667
ENSG00000106771,0.0003248723949731309,0.0,0,0.0004942624736727432,0.0002047837171614685
ENSG00000198739,0.0006865165042553897,0.0,0,0.00013218098627351294,0.00020467437263222565
ENSG00000091140,0.00015686274509803922,0.0,0,0.0006587402950069881,0.00020390076002625685
ENSG00000169604,0.0003163265306122448,0.0,0,0.000496504829689883,0.00020320784007553196
ENSG00000196230,0.0005092005802855616,0.0,0,0.00030248909998367365,0.0002029224200673088
ENSG00000154518,0.0,0.0,0,0.0008101851925633987,0.00020254629814084966
ENSG00000110108,0.0,0.0,0,0.0007995846117714084,0.0001998961529428521
ENSG00000156642,0.0,0.0,0,0.0007990795494073262,0.00019976988735183156
ENSG00000188186,0.00048441870066774374,0.0,0,0.0002959909942624738,0.00019510242373255436
ENSG00000165672,0.0,0.0,0,0.0007792846676036962,0.00019482116690092404
ENSG00000147262,0.000531941138111737,0.0,0,0.0002445348246059989,0.00019411899067943396
ENSG00000128050,0.0,0.0,0,0.0007742029196020047,0.00019355072990050117
ENSG00000067334,0.0,0.0,0,0.0007690833046256351,0.00019227082615640877
ENSG00000124641,0.0,0.0,0,0.0007623496017624132,0.0001905874004406033
ENSG00000083720,0.0006630984104840991,0.0,0,9.913573970513472e-05,0.00019055853754730844
ENSG00000166411,9.789156626506025e-05,0.0,0,0.0006614687986701205,0.0001898400912337952
ENSG00000149131,0.0,0.0,0,0.0007582703900065364,0.0001895675975016341
ENSG00000150907,0.0,0.0,0,0.0007574135802314548,0.0001893533950578637
ENSG00000102978,0.0,0.0,0,0.0007559752047617617,0.00018899380119044042
ENSG00000163499,0.0003881848438300049,0.0,0,0.00036350654787958527,0.00018792284792739755
ENSG00000204435,0.00018065591995553086,0.0,0,0.0005692794749734251,0.00018748384873223898
ENSG00000120798,0.0,0.0,0,0.0007498658698565865,0.0001874664674641466
ENSG00000111269,0.0006412931432921816,0.0,0,0.00010574478901881037,0.000186759483077748
ENSG00000171490,0.0004821712148331534,0.0,0,0.00026436197254702594,0.00018663329684504484
ENSG00000091640,0.00019706922688226376,0.0,0,0.0005462894679202898,0.0001858396737006384
ENSG00000213281,0.0,0.0,0,0.0007428170880128175,0.00018570427200320438
ENSG00000059804,0.0,0.0,0,0.0007382519703181311,0.00018456299257953277
ENSG00000107566,0.00012993503248375814,0.0,0,0.0006060231921950274,0.0001839895561696964
ENSG00000272047,0.0,0.0,0,0.000730931858346703,0.00018273296458667576
ENSG00000133401,0.0,0.0,0,0.0007250284455419179,0.00018125711138547947
ENSG00000177889,0.0,0.0,0,0.0007243909632551764,0.0001810977408137941
ENSG00000105887,0.0,0.0,0,0.0007214878834095917,0.00018037197085239793
ENSG00000213626,0.00047443884408602144,0.0,0,0.00024513564727087855,0.000179893622839225
ENSG00000151366,0.0,0.0,0,0.0007179830845311272,0.0001794957711327818
ENSG00000135070,0.00016810344827586205,0.0,0,0.0005491805263030477,0.00017932099364472744
ENSG00000166900,0.0,0.0,0,0.0007164339045226631,0.00017910847613066577
ENSG00000138382,0.0,0.0,0,0.0007162557193695985,0.00017906392984239961
ENSG00000157778,0.00013829787234042557,0.0,0,0.0005766395526182003,0.00017873435623965648
ENSG00000135211,0.00047534165181224003,0.0,0,0.00023721766286585795,0.0001781398286695245
ENSG00000014824,0.00024983984625240237,0.0,0,0.0004616893020553417,0.00017788228707693604
ENSG00000117450,0.0004123524480594514,0.0,0,0.0002907981698017285,0.00017578765446529498
ENSG00000092964,0.0006427066075323999,0.0,0,5.94814438230808e-05,0.00017554701283887018
ENSG00000172331,0.0,0.0,0,0.0007017878325707508,0.0001754469581426877
ENSG00000184209,0.0,0.0,0,0.0007009646233973593,0.00017524115584933983
ENSG00000100554,0.00034894115397485513,0.0,0,0.0003469750889679715,0.00017397906073570666
ENSG00000266412,0.00018263978216200862,0.0,0,0.000511970360409116,0.00017365253564278116
ENSG00000117395,0.0,0.0,0,0.0006921842404215398,0.00017304606010538494
ENSG00000003436,0.0,0.0,0,0.0006880320604880686,0.00017200801512201716
ENSG00000163754,0.0,0.0,0,0.0006877954522237363,0.00017194886305593407
ENSG00000196214,0.00018749999999999992,0.0,0,0.0005000990367030022,0.00017189975917575055
ENSG00000155876,0.0,0.0,0,0.0006854216540574463,0.00017135541351436158
ENSG00000198585,0.0,0.0,0,0.0006849807538673831,0.00017124518846684577
ENSG00000054118,0.00016649590163934428,0.0,0,0.0005162996936076276,0.00017069889881174297
ENSG00000106733,0.0,0.0,0,0.0006767666497203864,0.0001691916624300966
ENSG00000173692,0.0,0.0,0,0.0006758539714818312,0.0001689634928704578
ENSG00000168288,0.0,0.0,0,0.0006685203685464084,0.0001671300921366021
ENSG00000205352,0.0004631959921087238,0.0,0,0.00020335536349771216,0.00016663783890160898
ENSG00000095981,0.0004403693931398418,0.0,0,0.0002242356017139952,0.00016615124871345924
ENSG00000166224,0.0,0.0,0,0.0006643439587446742,0.00016608598968616855
ENSG00000153214,0.0,0.0,0,0.0006621883628896396,0.0001655470907224099
ENSG00000115053,0.00019629726890756316,0.0,0,0.0004640604057863845,0.00016508941867348693
ENSG00000085788,0.00016177202588352413,0.0,0,0.0004956786985256737,0.00016436268110229943
ENSG00000144840,0.0,0.0,0,0.0006436741956569106,0.00016091854891422765
ENSG00000122882,0.00029331895838076693,0.0,0,0.0003451726209733332,0.00015962289483852503
ENSG00000105220,0.00016249999999999997,0.0,0,0.00047421548690650627,0.00015917887172662657
ENSG00000160799,0.0,0.0,0,0.0006353699681101815,0.00015884249202754538
ENSG00000104154,0.0,0.0,0,0.000627680868529877,0.00015692021713246924
ENSG00000241553,0.0,0.0,0,0.0006245551601423487,0.00015613879003558716
ENSG00000132383,0.00019565639564992233,0.0,0,0.00042545683430279227,0.00015527830748817865
ENSG00000176105,9.764646970455683e-05,0.0,0,0.0005213281041954148,0.0001547436434749929
ENSG00000176853,0.0,0.0,0,0.0006113370615149974,0.00015283426537874935
ENSG00000164587,0.0,0.0,0,0.0006111868558487779,0.00015279671396219448
ENSG00000198898,0.00015765538150581103,0.0,0,0.00045334931125475084,0.00015275117319014047
ENSG00000081154,0.00022060188254010337,0.0,0,0.0003899339095068632,0.00015263394801174165
ENSG00000140740,0.0002023346303501946,0.0,0,0.00040480427046263355,0.00015178472520320702
ENSG00000129055,0.00018055555555555557,0.0,0,0.00041405693950177916,0.0001486531237643337
ENSG00000109911,0.000338726714706109,0.0,0,0.00025220267393346414,0.00014773234715989328
ENSG00000129116,0.00032648536132856673,0.0,0,0.0002643619725470259,0.00014771183346889814
ENSG00000100612,0.0,0.0,0,0.0005882053889171326,0.00014705134722928315
ENSG00000106723,0.00023198163178571798,0.0,0,0.00035434672089476355,0.00014658208817012037
ENSG00000078596,0.0004337390416205634,0.0,0,0.00014870360955770209,0.00014561066279456637
ENSG00000147224,9.85346134411319e-05,0.0,0,0.0004838829208984309,0.0001456043835848907
ENSG00000115758,0.0004352921479993303,0.0,0,0.0001453990849008643,0.00014517280822504865
ENSG00000107949,0.0003774038937387414,0.0,0,0.00019827147941026943,0.0001439188432872527
ENSG00000134987,0.00019613552143991526,0.0,0,0.0003780804323977201,0.00014355398845940885
ENSG00000140497,0.0,0.0,0,0.0005716827656329436,0.0001429206914082359
ENSG00000165916,0.00019089465325569074,0.0,0,0.00038002033553634975,0.00014272874719801012
ENSG00000204370,0.0,0.0,0,0.0005685359660957014,0.00014213399152392535
ENSG00000103415,0.0003192695214105794,0.0,0,0.0002479846030939069,0.00014181353112612156
ENSG00000139697,0.000352386894133339,0.0,0,0.0002147941026944585,0.00014179524920694935
ENSG00000116120,0.0005655864541816756,0.0,0,0.0,0.0001413966135454189
ENSG00000261371,0.0001948473695605108,0.0,0,0.00036625148279952557,0.0001402747130900091
ENSG00000162407,0.00019210002841716392,0.0,0,0.00036349771225216063,0.00013889943516733115
ENSG00000186469,0.00023325358851674646,0.0,0,0.000319437383494323,0.00013817274300276738
ENSG00000003989,0.00026845637583892615,0.0,0,0.00027931101266129245,0.00013694184712505464
ENSG00000275052,0.0,0.0,0,0.0005467486250404401,0.00013668715626011002
ENSG00000158411,0.0002537593984962406,0.0,0,0.0002907981698017285,0.00013613939207449228
ENSG00000126067,0.0,0.0,0,0.0005418958265933361,0.00013547395664833403
ENSG00000143353,0.0,0.0,0,0.000540604498026969,0.00013515112450674226
ENSG00000175970,0.0,0.0,0,0.0005399448035441933,0.00013498620088604833
ENSG00000158526,0.0002499368335944213,0.0,0,0.00028867383252233284,0.00013465266652918853
ENSG00000107758,0.0002339024260231217,0.0,0,0.0002985087273343501,0.00013310278833936795
ENSG00000166266,0.0004001102485185358,0.0,0,0.00013218098627351294,0.00013307280869801218
ENSG00000111897,0.00027559953310696077,0.0,0,0.0002525600987726051,0.00013203990796989147
ENSG00000128789,0.0,0.0,0,0.0005221148957803762,0.00013052872394509404
ENSG00000248527,0.0,0.0,0,0.0005215768502827116,0.0001303942125706779
ENSG00000014641,0.0,0.0,0,0.0005138248491412657,0.00012845621228531643
ENSG00000164197,0.0,0.0,0,0.0005122013218098627,0.00012805033045246568
ENSG00000136986,0.0,0.0,0,0.0005106992651476637,0.00012767481628691592
ENSG00000088986,0.00015558510638297873,0.0,0,0.0003535841382816469,0.0001272923111661564
ENSG00000023041,0.0,0.0,0,0.000507998250198035,0.00012699956254950875
ENSG00000257103,0.0001323155216284987,0.0,0,0.00037306344152195444,0.0001263447407876133
ENSG00000091039,0.00035593529747249096,0.0,0,0.00014870360955770209,0.00012615972675754828
ENSG00000108861,0.0,0.0,0,0.0004999273730844652,0.0001249818432711163
ENSG00000162819,0.0004987797437461869,0.0,0,0.0,0.00012469493593654673
ENSG00000198642,0.00015435356200527704,0.0,0,0.0003410850808678116,0.00012385966071827218
ENSG00000136193,0.00017674973130751915,0.0,0,0.0003163135125802152,0.00012326581097193358
ENSG00000197622,0.0,0.0,0,0.00048212737052116225,0.00012053184263029056
ENSG00000162851,0.0003487390915962345,0.0,0,0.00013218098627351292,0.00012023001946743685
ENSG00000268205,0.00015362394957983195,0.0,0,0.00032422965951181505,0.00011946340227291175
ENSG00000072042,0.0,0.0,0,0.0004772870002093367,0.00011932175005233417
ENSG00000124209,0.00022222222222222234,0.0,0,0.00025444839857651245,0.0001191676551996837
ENSG00000134049,0.00019415148609779485,0.0,0,0.00028088459583121506,0.00011875902048225247
ENSG00000137074,0.0,0.0,0,0.00047458057956278573,0.00011864514489069643
ENSG00000119041,0.0,0.0,0,0.00047411345644695913,0.00011852836411173978
ENSG00000102316,0.00019027373630011658,0.0,0,0.00028009780424625356,0.00011759288513659254
ENSG00000136824,0.00018007915567282322,0.0,0,0.0002643619725470259,0.00011111028205496227
ENSG00000145354,0.0,0.0,0,0.0004432783789672455,0.00011081959474181138
ENSG00000125484,0.0,0.0,0,0.0004389510252499575,0.00010973775631248937
ENSG00000124783,0.0,0.0,0,0.0004350957464836469,0.00010877393662091173
ENSG00000100353,9.848484848484848e-05,0.0,0,0.0003337569903406202,0.00010806045970636718
ENSG00000114416,0.0,0.0,0,0.0004310910728779244,0.0001077727682194811
ENSG00000159720,0.0,0.0,0,0.00042663773694531196,0.00010665943423632799
ENSG00000028528,0.0,0.0,0,0.00041263642305838544,0.00010315910576459636
ENSG00000095932,0.00041062744554638364,0.0,0,0.0,0.00010265686138659591
ENSG00000125144,0.0,0.0,0,0.0003965557472286536,9.91389368071634e-05
ENSG00000134001,0.00026323193498081396,0.0,0,0.00013218098627351294,9.885323031358172e-05
ENSG00000167552,0.0,0.0,0,0.0003932384341637011,9.830960854092528e-05
ENSG00000170445,0.00016655989750160162,0.0,0,0.00022305541433655305,9.740382795953866e-05
ENSG00000126432,0.0,0.0,0,0.000376715810879512,9.4178952719878e-05
ENSG00000120265,0.00018279569892473122,0.0,0,0.00019331469242501274,9.4027597837436e-05
ENSG00000100505,0.0003175308181598756,0.0,0,4.9713230174715696e-05,9.181101208364782e-05
ENSG00000118418,0.0001805555555555556,0.0,0,0.00018505338078291818,9.140223408461845e-05
ENSG00000188725,0.0,0.0,0,0.00035826072277521186,8.956518069380297e-05
ENSG00000196233,0.00018750000000000014,0.0,0,0.00016994698235165955,8.936174558791492e-05
ENSG00000185009,0.00017058501913613995,0.0,0,0.00018492628368073211,8.887782570421801e-05
ENSG00000069329,0.0,0.0,0,0.00035456283025318434,8.864070756329609e-05
ENSG00000203879,0.0,0.0,0,0.00035358413828164714,8.839603457041179e-05
ENSG00000113194,0.0001354872329338197,0.0,0,0.0002147941026944586,8.757033390706957e-05
ENSG00000136161,0.0,0.0,0,0.0003486273512963904,8.71568378240976e-05
ENSG00000158019,0.0,0.0,0,0.0003471303421569774,8.678258553924435e-05
ENSG00000005448,0.0,0.0,0,0.0003392931420384394,8.482328550960985e-05
ENSG00000088833,0.0,0.0,0,0.0003372371177570002,8.430927943925005e-05
ENSG00000058729,0.0003333333333333333,0.0,0,0.0,8.333333333333333e-05
ENSG00000104904,0.00023385866802236896,0.0,0,9.913573970513472e-05,8.324860193187591e-05
ENSG00000128581,0.00014772727272727276,0.0,0,0.00017991300909450358,8.191007045544408e-05
ENSG00000143947,0.00016207792207792205,0.0,0,0.0001652262328418912,8.182603872995331e-05
ENSG00000125445,0.000157655381505811,0.0,0,0.00014870360955770209,7.658974776587828e-05
ENSG00000134970,0.00019770408163265305,0.0,0,9.913573970513472e-05,7.420995533444693e-05
ENSG00000179295,0.00010177453027139874,0.0,0,0.00018376381018512757,7.138458511413158e-05
ENSG00000067596,0.0,0.0,0,0.0002785242210763309,6.963105526908272e-05
ENSG00000160014,0.00014008620689655172,0.0,0,0.00013218098627351294,6.806679829251617e-05
ENSG00000028839,0.0,0.0,0,0.00026436197254702594,6.609049313675649e-05
ENSG00000007168,0.0,0.0,0,0.0002643619725470259,6.609049313675647e-05
ENSG00000124767,9.629629629629631e-05,0.0,0,0.00015861718352821552,6.372836995612796e-05
ENSG00000100532,0.0,0.0,0,0.0002379257752923233,5.948144382308083e-05
ENSG00000036054,0.0,0.0,0,0.00023131672597864766,5.7829181494661915e-05
ENSG00000167193,0.0,0.0,0,0.00023131672597864766,5.7829181494661915e-05
ENSG00000070761,0.00016649590163934428,0.0,0,5.369852567361465e-05,5.5048606828239736e-05
ENSG00000022277,0.0,0.0,0,0.00019496695475343165,4.874173868835791e-05
ENSG00000119471,0.00019181585677749372,0.0,0,0.0,4.795396419437343e-05
ENSG00000082397,0.0,0.0,0,0.00018505338078291818,4.6263345195729546e-05
ENSG00000182836,0.0,0.0,0,0.00018410923088096453,4.602730772024113e-05
ENSG00000102409,0.0,0.0,0,0.0001652262328418912,4.13065582104728e-05
ENSG00000137955,0.0,0.0,0,0.0001522441716900283,3.8061042922507075e-05
ENSG00000187210,0.0,0.0,0,0.00014870360955770206,3.7175902389425515e-05
ENSG00000117592,0.0,0.0,0,0.00013218098627351294,3.3045246568378236e-05
ENSG00000063177,0.0,0.0,0,0.00013218098627351294,3.3045246568378236e-05
ENSG00000147533,0.0,0.0,0,0.00013218098627351292,3.304524656837823e-05
ENSG00000143612,0.0,0.0,0,0.0001310007988960709,3.275019972401772e-05
ENSG00000225630,0.0,0.0,0,9.913573970513472e-05,2.478393492628368e-05
ENSG00000150867,0.0,0.0,0,8.812065751567535e-05,2.2030164378918837e-05
ENSG00000075711,0.0,0.0,0,8.747271150453067e-05,2.1868177876132668e-05
ENSG00000198040,0.0,0.0,0,7.435180477885104e-05,1.858795119471276e-05
ENSG00000198522,0.0,0.0,0,6.609049313675649e-05,1.652262328418912e-05
ENSG00000170027,0.0,0.0,0,3.4316217590238865e-05,8.579054397559716e-06
ENSG00000111674,0.0,0.0,0,0.0,0.0
ENSG00000197170,0.0,0.0,0,0.0,0.0
