gene,votes
GENE03674,5
GENE08386,5
INS,4
SOD1,4
PDX1,4
GENE01216,4
GENE01388,4
GENE04744,4
GENE04948,4
GENE05007,4
GENE06855,4
GENE08503,4
GENE09215,4
GENE09494,4
GENE09992,4
GENE10669,4
GENE12248,4
GENE12371,4
GENE12571,4
GENE13212,4
GENE13260,4
GENE13802,4
GENE14312,4
GENE16540,4
GENE17006,4
GENE17258,4
GENE17635,4
GENE17745,4
GENE17886,4
GENE18256,4
GENE18487,4
GENE19094,4
GENE19124,4
GCK,3
KCNJ11,3
RBP4,3
GENE00128,3
GENE00671,3
GENE00934,3
GENE02114,3
GENE02509,3
GENE02535,3
GENE02769,3
GENE02931,3
GENE03431,3
GENE04268,3
GENE04894,3
GENE05016,3
GENE06196,3
GENE06462,3
GENE06539,3
GENE06559,3
GENE06612,3
GENE06617,3
GENE06621,3
GENE06622,3
GENE06840,3
GENE07311,3
GENE07615,3
GENE07837,3
GENE08389,3
GENE08549,3
GENE09078,3
GENE09615,3
GENE09635,3
GENE09870,3
GENE10297,3
GENE10312,3
GENE10585,3
GENE12473,3
GENE12619,3
GENE12659,3
GENE13379,3
GENE13550,3
GENE14268,3
GENE14326,3
GENE14465,3
GENE15819,3
GENE16006,3
GENE17313,3
GENE17788,3
GENE18050,3
GENE19337,3
GENE19759,3
GENE19792,3
ADIPOQ,2
GLP1R,2
GAPDH,2
GENE00085,2
GENE00174,2
GENE00259,2
GENE00549,2
GENE00707,2
GENE00787,2
GENE00925,2
GENE00976,2
GENE01296,2
GENE01336,2
GENE01640,2
GENE01760,2
GENE01889,2
GENE01913,2
GENE02339,2
GENE02641,2
GENE02700,2
GENE02923,2
GENE02963,2
GENE02973,2
GENE03075,2
GENE03126,2
GENE03174,2
GENE03253,2
GENE03326,2
GENE03443,2
GENE03535,2
GENE03614,2
GENE03709,2
GENE03760,2
GENE03929,2
GENE04181,2
GENE04262,2
GENE04277,2
GENE04423,2
GENE04432,2
GENE04604,2
GENE04689,2
GENE04729,2
GENE04779,2
GENE04781,2
GENE04911,2
GENE05019,2
GENE05212,2
GENE05425,2
GENE05519,2
GENE05670,2
GENE05678,2
GENE05765,2
GENE05870,2
GENE06113,2
GENE06203,2
GENE06446,2
GENE06471,2
GENE06538,2
GENE06550,2
GENE06596,2
GENE06604,2
GENE06606,2
GENE06607,2
GENE06608,2
GENE06609,2
GENE06610,2
GENE06611,2
GENE06613,2
GENE06614,2
GENE06615,2
GENE06616,2
GENE06618,2
GENE06619,2
GENE06620,2
GENE06623,2
GENE06624,2
GENE06647,2
GENE06670,2
GENE06898,2
GENE07077,2
GENE07086,2
GENE07218,2
GENE07418,2
GENE07690,2
GENE07900,2
GENE07925,2
GENE07982,2
GENE08013,2
GENE08082,2
GENE08287,2
GENE08370,2
GENE08472,2
GENE08502,2
GENE08526,2
GENE08619,2
GENE08764,2
GENE08798,2
GENE08927,2
GENE08950,2
GENE09095,2
GENE09099,2
GENE09377,2
GENE09503,2
GENE09696,2
GENE09804,2
GENE09906,2
GENE10073,2
GENE10353,2
GENE10394,2
GENE10413,2
GENE10652,2
GENE10769,2
GENE10808,2
GENE10845,2
GENE10902,2
GENE11034,2
GENE11039,2
GENE11081,2
GENE11134,2
GENE11144,2
GENE11218,2
GENE11242,2
GENE11309,2
GENE11475,2
GENE11573,2
GENE11652,2
GENE12143,2
GENE12232,2
GENE12234,2
GENE12246,2
GENE12338,2
GENE12503,2
GENE12509,2
GENE12520,2
GENE12563,2
GENE12698,2
GENE13031,2
GENE13148,2
GENE13191,2
GENE13423,2
GENE13465,2
GENE13633,2
GENE13798,2
GENE13850,2
GENE13908,2
GENE13919,2
GENE14014,2
GENE14035,2
GENE14257,2
GENE14361,2
GENE14626,2
GENE14898,2
GENE14967,2
GENE15045,2
GENE15197,2
GENE15534,2
GENE15561,2
GENE15618,2
GENE15705,2
GENE15797,2
GENE16014,2
GENE16030,2
GENE16568,2
GENE16585,2
GENE16628,2
GENE16740,2
GENE16804,2
GENE16971,2
GENE17070,2
GENE17161,2
GENE17183,2
GENE17355,2
GENE17588,2
GENE17625,2
GENE17629,2
GENE17674,2
GENE17927,2
GENE18038,2
GENE18064,2
GENE18178,2
GENE18225,2
GENE18228,2
GENE18369,2
GENE18764,2
GENE18802,2
GENE18883,2
GENE19315,2
GENE19503,2
GENE19581,2
GENE19678,2
GENE19832,2
IL1B,1
FGF21,1
B2M,1
GENE00010,1
GENE00014,1
GENE00018,1
GENE00019,1
GENE00048,1
GENE00051,1
GENE00059,1
GENE00104,1
GENE00111,1
GENE00118,1
GENE00148,1
GENE00152,1
GENE00156,1
GENE00235,1
GENE00247,1
GENE00273,1
GENE00311,1
GENE00316,1
GENE00318,1
GENE00323,1
GENE00329,1
GENE00333,1
GENE00345,1
GENE00350,1
GENE00374,1
GENE00402,1
GENE00407,1
GENE00429,1
GENE00472,1
GENE00482,1
GENE00485,1
GENE00503,1
GENE00514,1
GENE00520,1
GENE00522,1
GENE00525,1
GENE00527,1
GENE00541,1
GENE00563,1
GENE00570,1
GENE00582,1
GENE00608,1
GENE00618,1
GENE00637,1
GENE00662,1
GENE00674,1
GENE00676,1
GENE00682,1
GENE00696,1
GENE00726,1
GENE00741,1
GENE00764,1
GENE00765,1
GENE00835,1
GENE00853,1
GENE00864,1
GENE00897,1
GENE00910,1
GENE00932,1
GENE00936,1
GENE00937,1
GENE00945,1
GENE00954,1
GENE00962,1
GENE00984,1
GENE00990,1
GENE01000,1
GENE01005,1
GENE01047,1
GENE01056,1
GENE01072,1
GENE01074,1
GENE01084,1
GENE01120,1
GENE01123,1
GENE01130,1
GENE01213,1
GENE01221,1
GENE01222,1
GENE01232,1
GENE01236,1
GENE01237,1
GENE01244,1
GENE01267,1
GENE01270,1
GENE01272,1
GENE01277,1
GENE01320,1
GENE01321,1
GENE01324,1
GENE01377,1
GENE01378,1
GENE01448,1
GENE01462,1
GENE01465,1
GENE01510,1
GENE01528,1
GENE01535,1
GENE01538,1
GENE01543,1
GENE01553,1
GENE01554,1
GENE01570,1
GENE01585,1
GENE01593,1
GENE01595,1
GENE01610,1
GENE01612,1
GENE01619,1
GENE01623,1
GENE01629,1
GENE01630,1
GENE01639,1
GENE01644,1
GENE01649,1
GENE01661,1
GENE01666,1
GENE01722,1
GENE01726,1
GENE01778,1
GENE01785,1
GENE01793,1
GENE01797,1
GENE01804,1
GENE01820,1
GENE01835,1
GENE01880,1
GENE01890,1
GENE01895,1
GENE01904,1
GENE01916,1
GENE01927,1
GENE01936,1
GENE01940,1
GENE01953,1
GENE01980,1
GENE02006,1
GENE02008,1
GENE02016,1
GENE02026,1
GENE02035,1
GENE02045,1
GENE02070,1
GENE02078,1
GENE02088,1
GENE02093,1
GENE02096,1
GENE02113,1
GENE02115,1
GENE02116,1
GENE02128,1
GENE02158,1
GENE02172,1
GENE02185,1
GENE02191,1
GENE02196,1
GENE02198,1
GENE02215,1
GENE02219,1
GENE02236,1
GENE02251,1
GENE02306,1
GENE02308,1
GENE02312,1
GENE02323,1
GENE02337,1
GENE02383,1
GENE02387,1
GENE02403,1
GENE02423,1
GENE02431,1
GENE02452,1
GENE02459,1
GENE02474,1
GENE02488,1
GENE02490,1
GENE02505,1
GENE02519,1
GENE02537,1
GENE02542,1
GENE02545,1
GENE02552,1
GENE02560,1
GENE02563,1
GENE02570,1
GENE02588,1
GENE02591,1
GENE02595,1
GENE02623,1
GENE02646,1
GENE02655,1
GENE02660,1
GENE02676,1
GENE02682,1
GENE02692,1
GENE02698,1
GENE02699,1
GENE02706,1
GENE02723,1
GENE02729,1
GENE02736,1
GENE02744,1
GENE02749,1
GENE02753,1
GENE02767,1
GENE02768,1
GENE02777,1
GENE02780,1
GENE02793,1
GENE02796,1
GENE02797,1
GENE02829,1
GENE02878,1
GENE02888,1
GENE02892,1
GENE02917,1
GENE02920,1
GENE02927,1
GENE02928,1
GENE02938,1
GENE02945,1
GENE02975,1
GENE02978,1
GENE02984,1
GENE03029,1
GENE03039,1
GENE03043,1
GENE03045,1
GENE03106,1
GENE03119,1
GENE03123,1
GENE03135,1
GENE03138,1
GENE03187,1
GENE03208,1
GENE03211,1
GENE03234,1
GENE03241,1
GENE03243,1
GENE03244,1
GENE03274,1
GENE03279,1
GENE03283,1
GENE03295,1
GENE03298,1
GENE03304,1
GENE03312,1
GENE03313,1
GENE03320,1
GENE03343,1
GENE03350,1
GENE03351,1
GENE03356,1
GENE03365,1
GENE03368,1
GENE03372,1
GENE03395,1
GENE03441,1
GENE03444,1
GENE03475,1
GENE03488,1
GENE03513,1
GENE03517,1
GENE03532,1
GENE03539,1
GENE03553,1
GENE03571,1
GENE03577,1
GENE03595,1
GENE03605,1
GENE03608,1
GENE03711,1
GENE03724,1
GENE03734,1
GENE03736,1
GENE03741,1
GENE03756,1
GENE03758,1
GENE03761,1
GENE03817,1
GENE03825,1
GENE03829,1
GENE03855,1
GENE03856,1
GENE03868,1
GENE03869,1
GENE03872,1
GENE03886,1
GENE03888,1
GENE03892,1
GENE03909,1
GENE03921,1
GENE03925,1
GENE03934,1
GENE03943,1
GENE03954,1
GENE03957,1
GENE03976,1
GENE03985,1
GENE03986,1
GENE03991,1
GENE04002,1
GENE04018,1
GENE04044,1
GENE04046,1
GENE04061,1
GENE04085,1
GENE04087,1
GENE04090,1
GENE04100,1
GENE04117,1
GENE04131,1
GENE04150,1
GENE04151,1
GENE04157,1
GENE04175,1
GENE04182,1
GENE04194,1
GENE04208,1
GENE04209,1
GENE04233,1
GENE04256,1
GENE04266,1
GENE04269,1
GENE04288,1
GENE04296,1
GENE04304,1
GENE04313,1
GENE04320,1
GENE04329,1
GENE04343,1
GENE04382,1
GENE04388,1
GENE04405,1
GENE04413,1
GENE04424,1
GENE04434,1
GENE04435,1
GENE04452,1
GENE04454,1
GENE04472,1
GENE04481,1
GENE04499,1
GENE04518,1
GENE04521,1
GENE04522,1
GENE04537,1
GENE04542,1
GENE04545,1
GENE04546,1
GENE04557,1
GENE04562,1
GENE04590,1
GENE04653,1
GENE04676,1
GENE04686,1
GENE04757,1
GENE04780,1
GENE04820,1
GENE04823,1
GENE04832,1
GENE04833,1
GENE04846,1
GENE04859,1
GENE04898,1
GENE04900,1
GENE04921,1
GENE04935,1
GENE04947,1
GENE04949,1
GENE04950,1
GENE04951,1
GENE04955,1
GENE04965,1
GENE04968,1
GENE04976,1
GENE05006,1
GENE05012,1
GENE05029,1
GENE05035,1
GENE05043,1
GENE05103,1
GENE05117,1
GENE05135,1
GENE05145,1
GENE05160,1
GENE05187,1
GENE05191,1
GENE05197,1
GENE05235,1
GENE05237,1
GENE05248,1
GENE05265,1
GENE05275,1
GENE05297,1
GENE05306,1
GENE05309,1
GENE05319,1
GENE05333,1
GENE05379,1
GENE05405,1
GENE05435,1
GENE05441,1
GENE05457,1
GENE05487,1
GENE05509,1
GENE05515,1
GENE05553,1
GENE05557,1
GENE05572,1
GENE05576,1
GENE05583,1
GENE05603,1
GENE05605,1
GENE05624,1
GENE05626,1
GENE05635,1
GENE05671,1
GENE05684,1
GENE05700,1
GENE05750,1
GENE05761,1
GENE05766,1
GENE05770,1
GENE05779,1
GENE05791,1
GENE05800,1
GENE05803,1
GENE05811,1
GENE05827,1
GENE05847,1
GENE05865,1
GENE05912,1
GENE05922,1
GENE05927,1
GENE05946,1
GENE05970,1
GENE05975,1
GENE05996,1
GENE06011,1
GENE06016,1
GENE06018,1
GENE06054,1
GENE06063,1
GENE06088,1
GENE06103,1
GENE06116,1
GENE06121,1
GENE06131,1
GENE06149,1
GENE06178,1
GENE06208,1
GENE06218,1
GENE06225,1
GENE06237,1
GENE06252,1
GENE06268,1
GENE06275,1
GENE06277,1
GENE06280,1
GENE06282,1
GENE06294,1
GENE06342,1
GENE06348,1
GENE06366,1
GENE06381,1
GENE06400,1
GENE06441,1
GENE06454,1
GENE06467,1
GENE06479,1
GENE06480,1
GENE06487,1
GENE06491,1
GENE06508,1
GENE06510,1
GENE06512,1
GENE06522,1
GENE06528,1
GENE06534,1
GENE06535,1
GENE06537,1
GENE06540,1
GENE06541,1
GENE06542,1
GENE06543,1
GENE06544,1
GENE06545,1
GENE06547,1
GENE06548,1
GENE06549,1
GENE06551,1
GENE06552,1
GENE06553,1
GENE06555,1
GENE06560,1
GENE06561,1
GENE06568,1
GENE06574,1
GENE06578,1
GENE06594,1
GENE06597,1
GENE06598,1
GENE06599,1
GENE06600,1
GENE06601,1
GENE06602,1
GENE06603,1
GENE06605,1
GENE06625,1
GENE06626,1
GENE06627,1
GENE06628,1
GENE06629,1
GENE06630,1
GENE06631,1
GENE06632,1
GENE06633,1
GENE06634,1
GENE06635,1
GENE06636,1
GENE06637,1
GENE06638,1
GENE06639,1
GENE06640,1
GENE06641,1
GENE06642,1
GENE06643,1
GENE06644,1
GENE06645,1
GENE06646,1
GENE06648,1
GENE06649,1
GENE06650,1
GENE06651,1
GENE06652,1
GENE06653,1
GENE06654,1
GENE06655,1
GENE06656,1
GENE06657,1
GENE06658,1
GENE06659,1
GENE06660,1
GENE06661,1
GENE06662,1
GENE06663,1
GENE06664,1
GENE06665,1
GENE06666,1
GENE06682,1
GENE06685,1
GENE06703,1
GENE06707,1
GENE06722,1
GENE06723,1
GENE06744,1
GENE06757,1
GENE06778,1
GENE06786,1
GENE06817,1
GENE06818,1
GENE06830,1
GENE06831,1
GENE06880,1
GENE06881,1
GENE06886,1
GENE06894,1
GENE06924,1
GENE06930,1
GENE06941,1
GENE06942,1
GENE06955,1
GENE06958,1
GENE06977,1
GENE06997,1
GENE06998,1
GENE07001,1
GENE07033,1
GENE07046,1
GENE07083,1
GENE07091,1
GENE07109,1
GENE07120,1
GENE07125,1
GENE07139,1
GENE07143,1
GENE07177,1
GENE07204,1
GENE07206,1
GENE07209,1
GENE07215,1
GENE07258,1
GENE07296,1
GENE07328,1
GENE07346,1
GENE07353,1
GENE07366,1
GENE07372,1
GENE07383,1
GENE07435,1
GENE07437,1
GENE07451,1
GENE07452,1
GENE07460,1
GENE07503,1
GENE07508,1
GENE07510,1
GENE07520,1
GENE07530,1
GENE07547,1
GENE07556,1
GENE07565,1
GENE07568,1
GENE07569,1
GENE07578,1
GENE07579,1
GENE07592,1
GENE07594,1
GENE07623,1
GENE07643,1
GENE07645,1
GENE07652,1
GENE07664,1
GENE07665,1
GENE07676,1
GENE07694,1
GENE07703,1
GENE07723,1
GENE07729,1
GENE07735,1
GENE07736,1
GENE07762,1
GENE07777,1
GENE07795,1
GENE07796,1
GENE07812,1
GENE07825,1
GENE07826,1
GENE07829,1
GENE07842,1
GENE07844,1
GENE07849,1
GENE07907,1
GENE07941,1
GENE07989,1
GENE07992,1
GENE08002,1
GENE08035,1
GENE08037,1
GENE08056,1
GENE08059,1
GENE08065,1
GENE08108,1
GENE08109,1
GENE08133,1
GENE08135,1
GENE08143,1
GENE08145,1
GENE08151,1
GENE08153,1
GENE08158,1
GENE08205,1
GENE08210,1
GENE08214,1
GENE08300,1
GENE08309,1
GENE08335,1
GENE08340,1
GENE08342,1
GENE08355,1
GENE08365,1
GENE08366,1
GENE08368,1
GENE08404,1
GENE08406,1
GENE08408,1
GENE08469,1
GENE08498,1
GENE08535,1
GENE08560,1
GENE08570,1
GENE08580,1
GENE08589,1
GENE08600,1
GENE08612,1
GENE08633,1
GENE08652,1
GENE08664,1
GENE08677,1
GENE08697,1
GENE08733,1
GENE08741,1
GENE08748,1
GENE08756,1
GENE08759,1
GENE08780,1
GENE08797,1
GENE08821,1
GENE08845,1
GENE08863,1
GENE08866,1
GENE08873,1
GENE08909,1
GENE08917,1
GENE08981,1
GENE08985,1
GENE08989,1
GENE09007,1
GENE09009,1
GENE09010,1
GENE09044,1
GENE09052,1
GENE09065,1
GENE09083,1
GENE09112,1
GENE09113,1
GENE09169,1
GENE09182,1
GENE09187,1
GENE09210,1
GENE09213,1
GENE09226,1
GENE09232,1
GENE09237,1
GENE09238,1
GENE09243,1
GENE09249,1
GENE09259,1
GENE09283,1
GENE09302,1
GENE09325,1
GENE09326,1
GENE09355,1
GENE09387,1
GENE09409,1
GENE09451,1
GENE09496,1
GENE09542,1
GENE09545,1
GENE09546,1
GENE09555,1
GENE09565,1
GENE09568,1
GENE09570,1
GENE09581,1
GENE09587,1
GENE09592,1
GENE09594,1
GENE09608,1
GENE09621,1
GENE09626,1
GENE09629,1
GENE09630,1
GENE09632,1
GENE09678,1
GENE09679,1
GENE09683,1
GENE09692,1
GENE09695,1
GENE09729,1
GENE09744,1
GENE09759,1
GENE09763,1
GENE09790,1
GENE09834,1
GENE09857,1
GENE09862,1
GENE09867,1
GENE09890,1
GENE09902,1
GENE09911,1
GENE09919,1
GENE09951,1
GENE09954,1
GENE09985,1
GENE09991,1
GENE09993,1
GENE10002,1
GENE10007,1
GENE10021,1
GENE10024,1
GENE10031,1
GENE10042,1
GENE10113,1
GENE10125,1
GENE10127,1
GENE10130,1
GENE10136,1
GENE10141,1
GENE10142,1
GENE10149,1
GENE10169,1
GENE10221,1
GENE10222,1
GENE10223,1
GENE10232,1
GENE10249,1
GENE10281,1
GENE10296,1
GENE10343,1
GENE10354,1
GENE10367,1
GENE10398,1
GENE10421,1
GENE10426,1
GENE10443,1
GENE10446,1
GENE10455,1
GENE10475,1
GENE10478,1
GENE10487,1
GENE10502,1
GENE10526,1
GENE10528,1
GENE10539,1
GENE10548,1
GENE10570,1
GENE10572,1
GENE10630,1
GENE10644,1
GENE10648,1
GENE10663,1
GENE10672,1
GENE10702,1
GENE10708,1
GENE10712,1
GENE10738,1
GENE10739,1
GENE10743,1
GENE10747,1
GENE10750,1
GENE10760,1
GENE10777,1
GENE10805,1
GENE10807,1
GENE10809,1
GENE10831,1
GENE10851,1
GENE10859,1
GENE10869,1
GENE10889,1
GENE10895,1
GENE10897,1
GENE10923,1
GENE10929,1
GENE10934,1
GENE10956,1
GENE10970,1
GENE10976,1
GENE10998,1
GENE11009,1
GENE11018,1
GENE11031,1
GENE11035,1
GENE11075,1
GENE11079,1
GENE11083,1
GENE11099,1
GENE11110,1
GENE11127,1
GENE11147,1
GENE11149,1
GENE11150,1
GENE11153,1
GENE11165,1
GENE11180,1
GENE11188,1
GENE11226,1
GENE11236,1
GENE11256,1
GENE11262,1
GENE11263,1
GENE11268,1
GENE11277,1
GENE11306,1
GENE11307,1
GENE11308,1
GENE11323,1
GENE11325,1
GENE11331,1
GENE11333,1
GENE11347,1
GENE11376,1
GENE11380,1
GENE11407,1
GENE11432,1
GENE11434,1
GENE11440,1
GENE11451,1
GENE11508,1
GENE11538,1
GENE11546,1
GENE11549,1
GENE11554,1
GENE11606,1
GENE11612,1
GENE11627,1
GENE11628,1
GENE11638,1
GENE11642,1
GENE11648,1
GENE11653,1
GENE11656,1
GENE11664,1
GENE11676,1
GENE11701,1
GENE11725,1
GENE11745,1
GENE11756,1
GENE11762,1
GENE11770,1
GENE11790,1
GENE11811,1
GENE11825,1
GENE11849,1
GENE11854,1
GENE11860,1
GENE11871,1
GENE11884,1
GENE11895,1
GENE11899,1
GENE11900,1
GENE11917,1
GENE11924,1
GENE11925,1
GENE11942,1
GENE11945,1
GENE11959,1
GENE11978,1
GENE11979,1
GENE11980,1
GENE11992,1
GENE11993,1
GENE12007,1
GENE12013,1
GENE12025,1
GENE12026,1
GENE12028,1
GENE12038,1
GENE12040,1
GENE12050,1
GENE12062,1
GENE12128,1
GENE12155,1
GENE12167,1
GENE12195,1
GENE12196,1
GENE12206,1
GENE12208,1
GENE12215,1
GENE12244,1
GENE12260,1
GENE12285,1
GENE12300,1
GENE12305,1
GENE12329,1
GENE12348,1
GENE12362,1
GENE12363,1
GENE12379,1
GENE12394,1
GENE12400,1
GENE12403,1
GENE12409,1
GENE12410,1
GENE12415,1
GENE12421,1
GENE12424,1
GENE12428,1
GENE12430,1
GENE12449,1
GENE12450,1
GENE12457,1
GENE12463,1
GENE12465,1
GENE12467,1
GENE12475,1
GENE12487,1
GENE12505,1
GENE12527,1
GENE12561,1
GENE12570,1
GENE12593,1
GENE12594,1
GENE12633,1
GENE12647,1
GENE12652,1
GENE12656,1
GENE12660,1
GENE12662,1
GENE12668,1
GENE12681,1
GENE12683,1
GENE12684,1
GENE12689,1
GENE12693,1
GENE12707,1
GENE12711,1
GENE12731,1
GENE12735,1
GENE12740,1
GENE12751,1
GENE12757,1
GENE12759,1
GENE12763,1
GENE12768,1
GENE12786,1
GENE12794,1
GENE12798,1
GENE12800,1
GENE12801,1
GENE12806,1
GENE12813,1
GENE12865,1
GENE12880,1
GENE12881,1
GENE12888,1
GENE12915,1
GENE12942,1
GENE12949,1
GENE12980,1
GENE13005,1
GENE13020,1
GENE13022,1
GENE13060,1
GENE13070,1
GENE13073,1
GENE13074,1
GENE13075,1
GENE13085,1
GENE13122,1
GENE13138,1
GENE13149,1
GENE13153,1
GENE13156,1
GENE13193,1
GENE13210,1
GENE13251,1
GENE13282,1
GENE13284,1
GENE13316,1
GENE13328,1
GENE13338,1
GENE13348,1
GENE13350,1
GENE13357,1
GENE13372,1
GENE13390,1
GENE13396,1
GENE13399,1
GENE13437,1
GENE13455,1
GENE13458,1
GENE13487,1
GENE13498,1
GENE13503,1
GENE13509,1
GENE13516,1
GENE13518,1
GENE13520,1
GENE13543,1
GENE13552,1
GENE13556,1
GENE13577,1
GENE13590,1
GENE13597,1
GENE13654,1
GENE13660,1
GENE13680,1
GENE13689,1
GENE13698,1
GENE13702,1
GENE13723,1
GENE13748,1
GENE13751,1
GENE13753,1
GENE13754,1
GENE13780,1
GENE13827,1
GENE13833,1
GENE13834,1
GENE13855,1
GENE13858,1
GENE13866,1
GENE13867,1
GENE13872,1
GENE13882,1
GENE13904,1
GENE13915,1
GENE13921,1
GENE13922,1
GENE13938,1
GENE13960,1
GENE13978,1
GENE13995,1
GENE14010,1
GENE14017,1
GENE14021,1
GENE14027,1
GENE14056,1
GENE14057,1
GENE14061,1
GENE14073,1
GENE14097,1
GENE14133,1
GENE14153,1
GENE14156,1
GENE14204,1
GENE14210,1
GENE14216,1
GENE14236,1
GENE14238,1
GENE14244,1
GENE14260,1
GENE14271,1
GENE14298,1
GENE14299,1
GENE14354,1
GENE14357,1
GENE14369,1
GENE14377,1
GENE14397,1
GENE14432,1
GENE14442,1
GENE14499,1
GENE14508,1
GENE14514,1
GENE14516,1
GENE14538,1
GENE14551,1
GENE14555,1
GENE14561,1
GENE14584,1
GENE14590,1
GENE14616,1
GENE14617,1
GENE14630,1
GENE14634,1
GENE14656,1
GENE14667,1
GENE14701,1
GENE14728,1
GENE14737,1
GENE14738,1
GENE14745,1
GENE14790,1
GENE14793,1
GENE14858,1
GENE14871,1
GENE14899,1
GENE14902,1
GENE14907,1
GENE14918,1
GENE14922,1
GENE14971,1
GENE14982,1
GENE14984,1
GENE14988,1
GENE15002,1
GENE15011,1
GENE15030,1
GENE15032,1
GENE15034,1
GENE15047,1
GENE15071,1
GENE15072,1
GENE15090,1
GENE15105,1
GENE15118,1
GENE15137,1
GENE15145,1
GENE15166,1
GENE15183,1
GENE15186,1
GENE15194,1
GENE15205,1
GENE15247,1
GENE15249,1
GENE15269,1
GENE15275,1
GENE15278,1
GENE15286,1
GENE15292,1
GENE15303,1
GENE15315,1
GENE15318,1
GENE15333,1
GENE15352,1
GENE15358,1
GENE15364,1
GENE15382,1
GENE15391,1
GENE15395,1
GENE15411,1
GENE15432,1
GENE15434,1
GENE15448,1
GENE15464,1
GENE15490,1
GENE15518,1
GENE15540,1
GENE15545,1
GENE15574,1
GENE15579,1
GENE15588,1
GENE15591,1
GENE15592,1
GENE15600,1
GENE15607,1
GENE15612,1
GENE15640,1
GENE15647,1
GENE15665,1
GENE15689,1
GENE15697,1
GENE15708,1
GENE15734,1
GENE15740,1
GENE15748,1
GENE15752,1
GENE15758,1
GENE15792,1
GENE15836,1
GENE15853,1
GENE15864,1
GENE15878,1
GENE15882,1
GENE15892,1
GENE15895,1
GENE15947,1
GENE15955,1
GENE15985,1
GENE15994,1
GENE15998,1
GENE16021,1
GENE16058,1
GENE16064,1
GENE16083,1
GENE16086,1
GENE16109,1
GENE16113,1
GENE16147,1
GENE16172,1
GENE16174,1
GENE16196,1
GENE16209,1
GENE16247,1
GENE16267,1
GENE16276,1
GENE16283,1
GENE16291,1
GENE16295,1
GENE16296,1
GENE16301,1
GENE16329,1
GENE16339,1
GENE16343,1
GENE16353,1
GENE16419,1
GENE16457,1
GENE16476,1
GENE16478,1
GENE16508,1
GENE16509,1
GENE16525,1
GENE16630,1
GENE16656,1
GENE16661,1
GENE16669,1
GENE16677,1
GENE16696,1
GENE16699,1
GENE16714,1
GENE16719,1
GENE16730,1
GENE16739,1
GENE16743,1
GENE16771,1
GENE16774,1
GENE16775,1
GENE16795,1
GENE16803,1
GENE16822,1
GENE16826,1
GENE16838,1
GENE16894,1
GENE16909,1
GENE16915,1
GENE16927,1
GENE16943,1
GENE16957,1
GENE16962,1
GENE16984,1
GENE17027,1
GENE17043,1
GENE17092,1
GENE17102,1
GENE17107,1
GENE17151,1
GENE17168,1
GENE17174,1
GENE17193,1
GENE17201,1
GENE17204,1
GENE17214,1
GENE17235,1
GENE17270,1
GENE17285,1
GENE17290,1
GENE17302,1
GENE17307,1
GENE17310,1
GENE17315,1
GENE17325,1
GENE17354,1
GENE17389,1
GENE17391,1
GENE17392,1
GENE17416,1
GENE17418,1
GENE17438,1
GENE17446,1
GENE17448,1
GENE17463,1
GENE17464,1
GENE17519,1
GENE17532,1
GENE17535,1
GENE17567,1
GENE17578,1
GENE17583,1
GENE17590,1
GENE17599,1
GENE17607,1
GENE17613,1
GENE17646,1
GENE17693,1
GENE17704,1
GENE17707,1
GENE17733,1
GENE17739,1
GENE17763,1
GENE17768,1
GENE17776,1
GENE17777,1
GENE17789,1
GENE17790,1
GENE17808,1
GENE17810,1
GENE17816,1
GENE17823,1
GENE17824,1
GENE17834,1
GENE17858,1
GENE17879,1
GENE17881,1
GENE17883,1
GENE17919,1
GENE17925,1
GENE17931,1
GENE17942,1
GENE17957,1
GENE17959,1
GENE17964,1
GENE17968,1
GENE17985,1
GENE17999,1
GENE18001,1
GENE18009,1
GENE18012,1
GENE18051,1
GENE18091,1
GENE18117,1
GENE18119,1
GENE18124,1
GENE18130,1
GENE18140,1
GENE18148,1
GENE18153,1
GENE18184,1
GENE18203,1
GENE18213,1
GENE18238,1
GENE18260,1
GENE18268,1
GENE18269,1
GENE18270,1
GENE18294,1
GENE18302,1
GENE18305,1
GENE18308,1
GENE18319,1
GENE18338,1
GENE18362,1
GENE18368,1
GENE18389,1
GENE18431,1
GENE18432,1
GENE18454,1
GENE18472,1
GENE18480,1
GENE18491,1
GENE18501,1
GENE18508,1
GENE18510,1
GENE18531,1
GENE18554,1
GENE18561,1
GENE18565,1
GENE18572,1
GENE18575,1
GENE18576,1
GENE18591,1
GENE18592,1
GENE18608,1
GENE18610,1
GENE18613,1
GENE18614,1
GENE18669,1
GENE18676,1
GENE18687,1
GENE18692,1
GENE18695,1
GENE18697,1
GENE18707,1
GENE18740,1
GENE18766,1
GENE18788,1
GENE18793,1
GENE18820,1
GENE18840,1
GENE18848,1
GENE18880,1
GENE18923,1
GENE18939,1
GENE18944,1
GENE18957,1
GENE18963,1
GENE18964,1
GENE18968,1
GENE18971,1
GENE18993,1
GENE19017,1
GENE19022,1
GENE19036,1
GENE19057,1
GENE19058,1
GENE19085,1
GENE19125,1
GENE19135,1
GENE19138,1
GENE19148,1
GENE19171,1
GENE19177,1
GENE19207,1
GENE19216,1
GENE19236,1
GENE19240,1
GENE19253,1
GENE19287,1
GENE19294,1
GENE19311,1
GENE19325,1
GENE19330,1
GENE19335,1
GENE19341,1
GENE19351,1
GENE19358,1
GENE19362,1
GENE19388,1
GENE19401,1
GENE19442,1
GENE19458,1
GENE19462,1
GENE19466,1
GENE19468,1
GENE19472,1
GENE19494,1
GENE19505,1
GENE19524,1
GENE19531,1
GENE19537,1
GENE19538,1
GENE19542,1
GENE19557,1
GENE19567,1
GENE19574,1
GENE19580,1
GENE19582,1
GENE19586,1
GENE19593,1
GENE19628,1
GENE19668,1
GENE19708,1
GENE19729,1
GENE19731,1
GENE19739,1
GENE19810,1
GENE19831,1
GENE19843,1
GENE19852,1
GENE19870,1
GENE19911,1
GENE19915,1
GENE19920,1
